BS_001.jpg,6
BS_002.jpg,3
BS_003.jpg,0
BS_004.jpg,2
BS_005.jpg,0
BS_006.jpg,3
BS_007.jpg,5
BS_008.jpg,5
BS_009.jpg,4
BS_010.jpg,6
BS_011.jpg,1
BS_012.jpg,2
BS_013.jpg,3
BS_014.jpg,4
BS_015.jpg,1
BS_016.jpg,4
BS_017.jpg,1
BS_018.jpg,0
BS_019.jpg,5
BS_020.jpg,4
BS_021.jpg,4
BS_022.jpg,0
BS_023.jpg,2
BS_024.jpg,2
BS_025.jpg,3
BS_026.jpg,0
BS_027.jpg,0
BS_028.jpg,2
BS_029.jpg,6
BS_030.jpg,1
BS_031.jpg,6
BS_032.jpg,6
BS_033.jpg,1
BS_034.jpg,5
BS_035.jpg,3
BS_036.jpg,2
BS_037.jpg,1
BS_038.jpg,3
BS_039.jpg,0
BS_040.jpg,0
BS_041.jpg,3
BS_042.jpg,3
BS_043.jpg,6
BS_044.jpg,1
BS_045.jpg,1
BS_046.jpg,2
BS_047.jpg,5
BS_048.jpg,0
BS_049.jpg,6
BS_050.jpg,6
BS_051.jpg,1
BS_052.jpg,5
BS_053.jpg,4
BS_054.jpg,1
BS_055.jpg,1
BS_056.jpg,5
BS_057.jpg,0
BS_058.jpg,4
BS_059.jpg,3
BS_060.jpg,2
BS_061.jpg,0
BS_062.jpg,5
BS_063.jpg,3
BS_064.jpg,3
BS_065.jpg,3
BS_066.jpg,1
BS_067.jpg,4
BS_068.jpg,2
BS_069.jpg,1
JU_001.jpg,0
JU_002.jpg,4
JU_003.jpg,2
JU_004.jpg,4
JU_005.jpg,0
JU_006.jpg,6
JU_007.jpg,1
JU_008.jpg,0
JU_009.jpg,1
JU_010.jpg,1
JU_011.jpg,0
JU_012.jpg,3
JU_013.jpg,1
JU_014.jpg,1
JU_015.jpg,1
JU_016.jpg,0
JU_017.jpg,0
JU_018.jpg,4
JU_019.jpg,2
JU_020.jpg,4
JU_021.jpg,0
JU_022.jpg,6
JU_023.jpg,1
JU_024.jpg,0
JU_025.jpg,1
JU_026.jpg,1
JU_027.jpg,0
JU_028.jpg,3
JU_029.jpg,1
JU_030.jpg,1
JU_031.jpg,1
JU_032.jpg,0
JU_033.jpg,1
JU_034.jpg,0
JU_035.jpg,1
JU_036.jpg,0
JU_037.jpg,1
JU_038.jpg,0
JU_039.jpg,5
JU_040.jpg,1
JU_041.jpg,1
JU_042.jpg,0
JU_043.jpg,5
JU_044.jpg,2
JU_045.jpg,5
JU_046.jpg,3
JU_047.jpg,0
JU_048.jpg,1
JU_049.jpg,1
JU_050.jpg,5
JU_051.jpg,0
JU_052.jpg,1
JU_053.jpg,3
JU_054.jpg,0
JU_055.jpg,5
JU_056.jpg,0
JU_057.jpg,1
JU_058.jpg,1
JU_059.jpg,1
JU_060.jpg,4
JU_061.jpg,5
JU_062.jpg,0
JU_063.jpg,1
FO_001.jpg,5
FO_002.jpg,3
FO_003.jpg,0
FO_004.jpg,0
FO_005.jpg,6
FO_006.jpg,6
FO_007.jpg,5
FO_008.jpg,6
FO_009.jpg,5
FO_010.jpg,3
FO_011.jpg,4
FO_012.jpg,2
FO_013.jpg,1
FO_014.jpg,4
FO_015.jpg,4
FO_016.jpg,5
FO_017.jpg,3
FO_018.jpg,0
FO_019.jpg,0
FO_020.jpg,6
FO_021.jpg,6
FO_022.jpg,5
FO_023.jpg,6
FO_024.jpg,5
FO_025.jpg,3
FO_026.jpg,4
FO_027.jpg,2
FO_028.jpg,1
FO_029.jpg,4
FO_030.jpg,4
FO_031.jpg,1
FO_032.jpg,3
FO_033.jpg,6
FO_034.jpg,1
FO_035.jpg,3
FO_036.jpg,5
FO_037.jpg,5
FO_038.jpg,3
FO_039.jpg,2
FO_040.jpg,3
FO_041.jpg,5
FO_042.jpg,3
FO_043.jpg,6
FO_044.jpg,3
FO_045.jpg,1
FO_046.jpg,1
FO_047.jpg,5
FO_048.jpg,1
FO_049.jpg,3
FO_050.jpg,5
FO_051.jpg,3
FO_052.jpg,3
FO_053.jpg,3
FO_054.jpg,3
FO_055.jpg,6
FO_056.jpg,3
FO_057.jpg,1
B2_001.jpg,6
B2_002.jpg,3
B2_003.jpg,0
B2_004.jpg,2
B2_005.jpg,0
B2_006.jpg,0
B2_007.jpg,3
B2_008.jpg,5
B2_009.jpg,4
B2_010.jpg,6
B2_011.jpg,1
B2_012.jpg,1
B2_013.jpg,2
B2_014.jpg,0
B2_015.jpg,3
B2_016.jpg,4
B2_017.jpg,1
B2_018.jpg,1
B2_019.jpg,0
B2_020.jpg,4
B2_021.jpg,1
B2_022.jpg,0
B2_023.jpg,5
B2_024.jpg,4
B2_025.jpg,4
B2_026.jpg,0
B2_027.jpg,6
B2_028.jpg,0
B2_029.jpg,1
B2_030.jpg,0
B2_031.jpg,1
B2_032.jpg,1
B2_033.jpg,2
B2_034.jpg,1
B2_035.jpg,2
B2_036.jpg,3
B2_037.jpg,0
B2_038.jpg,0
B2_039.jpg,1
B2_040.jpg,0
B2_041.jpg,0
B2_042.jpg,2
B2_043.jpg,6
B2_044.jpg,1
B2_045.jpg,6
B2_046.jpg,6
B2_047.jpg,1
B2_048.jpg,0
B2_049.jpg,5
B2_050.jpg,3
B2_051.jpg,2
B2_052.jpg,5
B2_053.jpg,1
B2_054.jpg,1
B2_055.jpg,1
B2_056.jpg,0
B2_057.jpg,3
B2_058.jpg,0
B2_059.jpg,5
B2_060.jpg,3
B2_061.jpg,3
B2_062.jpg,0
B2_063.jpg,3
B2_064.jpg,1
B2_065.jpg,6
B2_066.jpg,1
B2_067.jpg,1
B2_068.jpg,1
B2_069.jpg,2
B2_070.jpg,5
B2_071.jpg,5
B2_072.jpg,0
B2_073.jpg,6
B2_074.jpg,1
B2_075.jpg,6
B2_076.jpg,3
B2_077.jpg,0
B2_078.jpg,5
B2_079.jpg,4
B2_080.jpg,0
B2_081.jpg,1
B2_082.jpg,1
B2_083.jpg,1
B2_084.jpg,5
B2_085.jpg,1
B2_086.jpg,0
B2_087.jpg,4
B2_088.jpg,3
B2_089.jpg,0
B2_090.jpg,5
B2_091.jpg,5
B2_092.jpg,0
B2_093.jpg,3
B2_094.jpg,3
B2_095.jpg,3
B2_096.jpg,1
B2_097.jpg,1
B2_098.jpg,4
B2_099.jpg,2
B2_100.jpg,1
TR_001.jpg,6
TR_002.jpg,1
TR_003.jpg,3
TR_004.jpg,2
TR_005.jpg,0
TR_006.jpg,5
TR_007.jpg,1
TR_008.jpg,3
TR_009.jpg,6
TR_010.jpg,5
TR_011.jpg,4
TR_012.jpg,6
TR_013.jpg,1
TR_014.jpg,1
TR_018.jpg,6
TR_019.jpg,1
TR_020.jpg,3
TR_021.jpg,2
TR_022.jpg,0
TR_023.jpg,5
TR_024.jpg,1
TR_025.jpg,3
TR_026.jpg,6
TR_027.jpg,5
TR_028.jpg,4
TR_029.jpg,6
TR_030.jpg,1
TR_031.jpg,1
TR_032.jpg,2
TR_033.jpg,0
TR_034.jpg,4
TR_035.jpg,2
TR_036.jpg,1
TR_037.jpg,3
TR_038.jpg,4
TR_039.jpg,6
TR_040.jpg,5
TR_041.jpg,1
TR_042.jpg,0
TR_043.jpg,5
TR_044.jpg,2
TR_045.jpg,3
TR_046.jpg,3
TR_047.jpg,3
TR_048.jpg,0
TR_049.jpg,6
TR_050.jpg,2
TR_051.jpg,0
TR_052.jpg,5
TR_053.jpg,0
TR_054.jpg,6
TR_055.jpg,0
TR_056.jpg,1
TR_057.jpg,1
TR_058.jpg,1
TR_059.jpg,5
TR_060.jpg,4
TR_061.jpg,5
TR_062.jpg,0
TR_063.jpg,1
TR_064.jpg,2
TR_065.jpg,3
TR_066.jpg,0
TR_067.jpg,6
TR_068.jpg,3
TR_069.jpg,4
TR_070.jpg,1
TR_083.jpg,4
GH_001.jpg,2
GH_002.jpg,5
GH_003.jpg,0
GH_004.jpg,0
GH_005.jpg,1
GH_006.jpg,4
GH_007.jpg,0
GH_008.jpg,4
GH_009.jpg,3
GH_010.jpg,3
GH_011.jpg,5
GH_012.jpg,2
GH_013.jpg,1
GH_014.jpg,6
GH_020.jpg,5
GH_021.jpg,5
GH_022.jpg,5
GH_023.jpg,5
GH_024.jpg,1
GH_025.jpg,0
GH_026.jpg,1
GH_027.jpg,4
GH_028.jpg,4
GH_029.jpg,3
GH_030.jpg,3
GH_031.jpg,3
GH_032.jpg,3
GH_033.jpg,0
GH_034.jpg,1
GH_035.jpg,2
GH_036.jpg,0
GH_037.jpg,2
GH_038.jpg,5
GH_039.jpg,1
GH_040.jpg,5
GH_041.jpg,0
GH_042.jpg,0
GH_043.jpg,1
GH_044.jpg,1
GH_045.jpg,1
GH_046.jpg,1
GH_047.jpg,1
GH_048.jpg,1
GH_049.jpg,1
GH_050.jpg,4
GH_051.jpg,0
GH_052.jpg,0
GH_053.jpg,3
GH_054.jpg,3
GH_055.jpg,3
GH_056.jpg,3
GH_057.jpg,3
GH_058.jpg,6
GH_059.jpg,6
GH_060.jpg,6
GH_061.jpg,2
GH_062.jpg,2
GH_063.jpg,2
GH_064.jpg,0
GH_065.jpg,2
GH_066.jpg,5
GH_067.jpg,5
GH_068.jpg,5
GH_069.jpg,5
GH_070.jpg,5
GH_071.jpg,5
GH_072.jpg,5
GH_073.jpg,2
GH_074.jpg,1
GH_075.jpg,1
GH_076.jpg,1
GH_077.jpg,1
GH_078.jpg,1
GH_079.jpg,1
GH_080.jpg,4
GH_081.jpg,4
GH_082.jpg,0
GH_083.jpg,0
GH_084.jpg,4
GH_085.jpg,3
GH_086.jpg,3
GH_087.jpg,3
GH_088.jpg,3
GH_089.jpg,3
GH_090.jpg,3
GH_091.jpg,6
GH_092.jpg,6
GH_093.jpg,6
GH_094.jpg,6
GH_095.jpg,6
GH_096.jpg,1
GC_001.jpg,2
GC_002.jpg,2
GC_003.jpg,2
GC_004.jpg,1
GC_005.jpg,3
GC_006.jpg,5
GC_007.jpg,1
GC_008.jpg,0
GC_009.jpg,1
GC_010.jpg,0
GC_011.jpg,4
GC_012.jpg,3
GC_013.jpg,3
GC_014.jpg,6
GC_015.jpg,4
GC_016.jpg,6
GC_021.jpg,2
GC_022.jpg,5
GC_023.jpg,1
GC_024.jpg,1
GC_025.jpg,1
GC_026.jpg,1
GC_027.jpg,0
GC_028.jpg,4
GC_029.jpg,6
GC_030.jpg,3
GC_031.jpg,2
GC_032.jpg,0
GC_033.jpg,2
GC_034.jpg,5
GC_035.jpg,5
GC_036.jpg,5
GC_037.jpg,2
GC_038.jpg,1
GC_039.jpg,1
GC_040.jpg,0
GC_041.jpg,1
GC_042.jpg,5
GC_043.jpg,0
GC_044.jpg,1
GC_045.jpg,1
GC_046.jpg,1
GC_047.jpg,1
GC_048.jpg,1
GC_049.jpg,0
GC_050.jpg,1
GC_051.jpg,0
GC_052.jpg,4
GC_053.jpg,0
GC_054.jpg,3
GC_055.jpg,6
GC_056.jpg,6
GC_057.jpg,6
GC_058.jpg,6
GC_059.jpg,6
GC_060.jpg,2
GC_061.jpg,0
GC_062.jpg,2
GC_063.jpg,5
GC_064.jpg,2
GC_065.jpg,5
GC_066.jpg,2
GC_067.jpg,5
GC_068.jpg,5
GC_069.jpg,0
GC_070.jpg,1
GC_071.jpg,1
GC_072.jpg,5
GC_073.jpg,3
GC_074.jpg,0
GC_075.jpg,1
GC_076.jpg,1
GC_077.jpg,1
GC_078.jpg,1
GC_079.jpg,1
GC_080.jpg,0
GC_081.jpg,1
GC_082.jpg,1
GC_083.jpg,1
GC_084.jpg,4
GC_085.jpg,0
GC_086.jpg,4
GC_087.jpg,3
GC_088.jpg,3
GC_089.jpg,3
GC_090.jpg,3
GC_091.jpg,3
GC_092.jpg,3
GC_093.jpg,6
GC_094.jpg,6
GC_095.jpg,6
GC_096.jpg,6
GC_097.jpg,6
GC_098.jpg,0
GC_099.jpg,3
N1_001.jpg,4
N1_002.jpg,3
N1_003.jpg,1
N1_004.jpg,3
N1_005.jpg,3
N1_006.jpg,1
N1_007.jpg,1
N1_008.jpg,3
N1_009.jpg,0
N1_010.jpg,1
N1_011.jpg,1
N1_012.jpg,4
N1_014.jpg,6
N1_016.jpg,0
N1_017.jpg,2
N1_018.jpg,2
N1_020.jpg,0
N1_021.jpg,5
N1_022.jpg,4
N1_023.jpg,2
N1_026.jpg,0
N1_027.jpg,1
N1_028.jpg,1
N1_029.jpg,1
N1_030.jpg,0
N1_031.jpg,3
N1_032.jpg,3
N1_033.jpg,4
N1_034.jpg,4
N1_035.jpg,0
N1_036.jpg,1
N1_037.jpg,0
N1_038.jpg,4
N1_039.jpg,1
N1_040.jpg,2
N1_041.jpg,0
N1_042.jpg,0
N1_043.jpg,5
N1_044.jpg,3
N1_045.jpg,3
N1_046.jpg,2
N1_047.jpg,2
N1_048.jpg,3
N1_049.jpg,1
N1_050.jpg,1
N1_051.jpg,0
N1_052.jpg,6
N1_053.jpg,1
N1_054.jpg,1
N1_055.jpg,4
N1_056.jpg,2
N1_057.jpg,2
N1_058.jpg,6
N1_059.jpg,5
N1_060.jpg,0
N1_061.jpg,1
N1_062.jpg,3
N1_063.jpg,1
N1_064.jpg,3
N1_065.jpg,4
N1_066.jpg,3
N1_067.jpg,6
N1_068.jpg,1
N1_069.jpg,5
N1_070.jpg,4
N1_071.jpg,0
N1_072.jpg,1
N1_073.jpg,6
N1_074.jpg,0
N1_075.jpg,1
N1_076.jpg,0
N1_077.jpg,5
N1_078.jpg,1
N1_079.jpg,3
N1_080.jpg,3
N1_081.jpg,3
N1_082.jpg,3
N2_001.jpg,6
N2_003.jpg,5
N2_005.jpg,2
N2_006.jpg,3
N2_008.jpg,3
N2_009.jpg,5
N2_011.jpg,0
N2_014.jpg,6
N2_015.jpg,0
N2_016.jpg,6
N2_017.jpg,1
N2_018.jpg,1
N2_019.jpg,1
N2_020.jpg,6
N2_022.jpg,5
N2_024.jpg,2
N2_025.jpg,3
N2_027.jpg,3
N2_028.jpg,5
N2_030.jpg,0
N2_033.jpg,6
N2_034.jpg,0
N2_035.jpg,6
N2_036.jpg,1
N2_037.jpg,3
N2_038.jpg,0
N2_040.jpg,0
N2_041.jpg,1
N2_042.jpg,1
N2_043.jpg,5
N2_044.jpg,3
N2_045.jpg,5
N2_046.jpg,1
N2_047.jpg,6
N2_048.jpg,6
N2_049.jpg,6
N2_050.jpg,6
N2_051.jpg,6
N2_052.jpg,6
N2_053.jpg,1
N2_054.jpg,0
N2_055.jpg,1
N2_056.jpg,3
N2_057.jpg,5
N2_058.jpg,4
N2_059.jpg,6
N2_060.jpg,5
N2_061.jpg,1
N2_062.jpg,3
N2_063.jpg,0
N2_064.jpg,1
N2_065.jpg,0
N2_066.jpg,5
N2_067.jpg,6
N2_068.jpg,6
N2_069.jpg,6
N2_070.jpg,1
N2_071.jpg,3
N3_001.jpg,4
N3_002.jpg,0
N3_003.jpg,6
N3_004.jpg,1
N3_005.jpg,0
N3_006.jpg,2
N3_007.jpg,2
N3_009.jpg,1
N3_011.jpg,6
N3_012.jpg,0
N3_013.jpg,4
N3_014.jpg,3
N3_015.jpg,5
N3_016.jpg,1
N3_017.jpg,2
N3_018.jpg,0
N3_019.jpg,3
N3_020.jpg,6
N3_021.jpg,4
N3_022.jpg,4
N3_025.jpg,6
N3_026.jpg,5
N3_027.jpg,3
N3_028.jpg,4
N3_029.jpg,1
N3_030.jpg,5
N3_031.jpg,3
N3_032.jpg,4
N3_033.jpg,2
N3_034.jpg,3
N3_035.jpg,1
N3_036.jpg,5
N3_037.jpg,3
N3_038.jpg,0
N3_039.jpg,6
N3_040.jpg,6
N3_041.jpg,0
N3_042.jpg,4
N3_043.jpg,0
N3_044.jpg,5
N3_045.jpg,3
N3_047.jpg,1
N3_048.jpg,3
N3_049.jpg,3
N3_050.jpg,3
N3_051.jpg,5
N3_052.jpg,1
N3_053.jpg,2
N3_054.jpg,6
N3_055.jpg,0
N3_056.jpg,3
N3_057.jpg,5
N3_058.jpg,6
N3_059.jpg,1
N3_065.jpg,3
N3_066.jpg,3
N4_001.jpg,4
N4_002.jpg,1
N4_003.jpg,5
N4_004.jpg,6
N4_005.jpg,3
N4_006.jpg,6
N4_007.jpg,2
N4_008.jpg,0
N4_010.jpg,2
N4_011.jpg,5
N4_012.jpg,2
N4_013.jpg,3
N4_014.jpg,0
N4_015.jpg,0
N4_017.jpg,1
N4_018.jpg,2
N4_019.jpg,3
N4_020.jpg,6
N4_021.jpg,0
N4_022.jpg,0
N4_023.jpg,4
N4_024.jpg,1
N4_025.jpg,5
N4_026.jpg,3
N4_027.jpg,6
N4_028.jpg,6
N4_029.jpg,6
N4_030.jpg,6
N4_031.jpg,0
N4_032.jpg,3
N4_033.jpg,6
N4_034.jpg,4
N4_035.jpg,1
N4_036.jpg,6
N4_037.jpg,3
N4_038.jpg,5
N4_039.jpg,2
N4_040.jpg,0
N4_041.jpg,1
N4_042.jpg,5
N4_044.jpg,0
N4_045.jpg,3
N4_046.jpg,2
N4_047.jpg,3
N4_048.jpg,4
N4_049.jpg,5
N4_050.jpg,2
N4_051.jpg,6
N4_052.jpg,3
N4_053.jpg,1
N4_054.jpg,0
N4_055.jpg,1
N4_056.jpg,0
N4_057.jpg,6
N4_058.jpg,6
N4_059.jpg,6
N4_060.jpg,6
N4_061.jpg,2
N4_062.jpg,3
N4_063.jpg,0
N4_064.jpg,6
N4_065.jpg,6
N4_066.jpg,0
N4_067.jpg,5
N4_068.jpg,2
N4_069.jpg,5
N4_070.jpg,5
N4_071.jpg,1
N4_072.jpg,1
N4_073.jpg,5
N4_074.jpg,3
N4_075.jpg,4
N4_076.jpg,5
N4_077.jpg,1
N4_078.jpg,0
N4_079.jpg,3
N4_080.jpg,3
N4_081.jpg,3
N4_082.jpg,2
N4_083.jpg,1
N4_084.jpg,3
N4_085.jpg,3
N4_086.jpg,6
N4_087.jpg,6
N4_088.jpg,6
N4_089.jpg,6
N4_090.jpg,1
N4_091.jpg,2
N4_106.jpg,1
N4_107.jpg,2
N4_108.jpg,5
N4_109.jpg,6
N4_110.jpg,0
N4_111.jpg,4
LC_001.jpg,6
LC_002.jpg,3
LC_003.jpg,2
LC_004.jpg,3
LC_005.jpg,0
LC_006.jpg,0
LC_007.jpg,4
LC_008.jpg,6
LC_009.jpg,3
LC_010.jpg,2
LC_011.jpg,6
LC_012.jpg,3
LC_013.jpg,5
LC_014.jpg,4
LC_015.jpg,5
LC_016.jpg,1
LC_017.jpg,2
LC_018.jpg,1
LC_019.jpg,4
LC_020.jpg,1
LC_021.jpg,1
LC_022.jpg,4
LC_023.jpg,1
LC_024.jpg,5
LC_025.jpg,6
LC_026.jpg,6
LC_027.jpg,5
LC_028.jpg,4
LC_029.jpg,6
LC_030.jpg,2
LC_031.jpg,1
LC_032.jpg,1
LC_033.jpg,0
LC_034.jpg,0
LC_035.jpg,5
LC_036.jpg,2
LC_037.jpg,2
LC_038.jpg,0
LC_039.jpg,3
LC_040.jpg,3
LC_041.jpg,0
LC_042.jpg,0
LC_043.jpg,3
LC_044.jpg,5
LC_045.jpg,2
LC_046.jpg,6
LC_047.jpg,1
LC_048.jpg,5
LC_049.jpg,6
LC_050.jpg,1
LC_051.jpg,5
LC_052.jpg,3
LC_053.jpg,0
LC_054.jpg,1
LC_055.jpg,1
LC_056.jpg,1
LC_057.jpg,3
LC_058.jpg,3
LC_059.jpg,5
LC_060.jpg,2
LC_061.jpg,0
LC_062.jpg,5
LC_063.jpg,3
LC_064.jpg,0
LC_065.jpg,0
LC_066.jpg,3
LC_067.jpg,6
LC_068.jpg,1
LC_069.jpg,1
LC_070.jpg,2
LC_071.jpg,0
LC_072.jpg,0
LC_073.jpg,6
LC_074.jpg,0
LC_075.jpg,1
LC_076.jpg,6
LC_077.jpg,5
LC_078.jpg,1
LC_079.jpg,5
LC_080.jpg,4
LC_081.jpg,5
LC_082.jpg,1
LC_083.jpg,1
LC_084.jpg,5
LC_085.jpg,0
LC_086.jpg,4
LC_087.jpg,2
LC_088.jpg,3
LC_089.jpg,0
LC_090.jpg,5
LC_091.jpg,5
LC_092.jpg,3
LC_093.jpg,6
LC_094.jpg,0
LC_095.jpg,3
LC_096.jpg,3
LC_097.jpg,4
LC_098.jpg,2
LC_099.jpg,1
EX_001.jpg,6
EX_002.jpg,4
EX_003.jpg,1
EX_004.jpg,3
EX_005.jpg,1
EX_006.jpg,2
EX_007.jpg,0
EX_008.jpg,3
EX_009.jpg,0
EX_010.jpg,5
EX_011.jpg,0
EX_012.jpg,3
EX_013.jpg,6
EX_014.jpg,5
EX_015.jpg,3
EX_016.jpg,5
EX_017.jpg,2
EX_018.jpg,1
EX_019.jpg,6
EX_020.jpg,6
EX_021.jpg,2
EX_022.jpg,4
EX_023.jpg,0
EX_024.jpg,3
EX_025.jpg,4
EX_026.jpg,2
EX_028.jpg,2
EX_030.jpg,1
EX_031.jpg,1
EX_032.jpg,1
EX_033.jpg,6
EX_034.jpg,4
EX_035.jpg,1
EX_036.jpg,3
EX_037.jpg,3
EX_038.jpg,1
EX_039.jpg,2
EX_040.jpg,2
EX_041.jpg,0
EX_042.jpg,3
EX_043.jpg,0
EX_044.jpg,5
EX_045.jpg,0
EX_046.jpg,3
EX_047.jpg,3
EX_048.jpg,6
EX_049.jpg,5
EX_050.jpg,3
EX_051.jpg,5
EX_052.jpg,2
EX_053.jpg,1
EX_054.jpg,1
EX_055.jpg,6
EX_056.jpg,6
EX_057.jpg,2
EX_058.jpg,4
EX_059.jpg,0
EX_060.jpg,3
EX_061.jpg,4
EX_062.jpg,2
EX_064.jpg,2
EX_065.jpg,2
EX_067.jpg,1
EX_068.jpg,1
EX_069.jpg,1
EX_070.jpg,1
EX_071.jpg,1
EX_072.jpg,0
EX_073.jpg,2
EX_074.jpg,3
EX_075.jpg,0
EX_076.jpg,4
EX_077.jpg,4
EX_078.jpg,1
EX_079.jpg,5
EX_080.jpg,6
EX_081.jpg,5
EX_082.jpg,1
EX_083.jpg,3
EX_084.jpg,6
EX_085.jpg,5
EX_086.jpg,2
EX_087.jpg,1
EX_088.jpg,0
EX_089.jpg,3
EX_090.jpg,5
EX_091.jpg,2
EX_092.jpg,3
EX_093.jpg,6
EX_094.jpg,1
EX_095.jpg,1
EX_096.jpg,1
EX_097.jpg,2
EX_098.jpg,2
EX_099.jpg,1
EX_100.jpg,1
EX_101.jpg,0
EX_102.jpg,3
EX_103.jpg,5
EX_104.jpg,2
EX_105.jpg,2
EX_106.jpg,5
EX_107.jpg,0
EX_108.jpg,1
EX_109.jpg,6
EX_110.jpg,5
EX_111.jpg,3
EX_112.jpg,1
EX_114.jpg,1
EX_115.jpg,3
EX_116.jpg,5
EX_117.jpg,5
EX_118.jpg,3
EX_119.jpg,4
EX_120.jpg,3
EX_121.jpg,0
EX_122.jpg,1
EX_123.jpg,0
EX_124.jpg,4
EX_125.jpg,3
EX_126.jpg,2
EX_127.jpg,3
EX_128.jpg,0
EX_129.jpg,3
EX_130.jpg,0
EX_131.jpg,3
EX_132.jpg,3
EX_133.jpg,0
EX_134.jpg,3
EX_135.jpg,3
EX_136.jpg,2
AQ_001.jpg,4
AQ_002.jpg,2
AQ_003.jpg,1
AQ_004.jpg,3
AQ_005.jpg,1
AQ_006.jpg,0
AQ_007.jpg,5
AQ_008.jpg,4
AQ_009.jpg,4
AQ_010.jpg,2
AQ_011.jpg,6
AQ_012.jpg,1
AQ_013.jpg,6
AQ_014.jpg,2
AQ_016.jpg,6
AQ_017.jpg,1
AQ_018.jpg,6
AQ_019.jpg,3
AQ_020.jpg,3
AQ_021.jpg,4
AQ_023.jpg,1
AQ_024.jpg,5
AQ_025.jpg,2
AQ_026.jpg,3
AQ_027.jpg,1
AQ_028.jpg,0
AQ_029.jpg,5
AQ_030.jpg,3
AQ_031.jpg,2
AQ_033.jpg,3
AQ_034.jpg,6
AQ_036.jpg,5
AQ_037.jpg,3
AQ_038.jpg,3
AQ_039.jpg,0
AQ_042.jpg,1
AQ_043.jpg,1
AQ_044.jpg,4
AQ_045.jpg,1
AQ_046.jpg,0
AQ_047.jpg,4
AQ_048.jpg,0
AQ_049.jpg,1
AQ_050.jpg,3
AQ_051.jpg,2
AQ_053.jpg,3
AQ_054.jpg,5
AQ_055.jpg,1
AQ_056.jpg,5
AQ_057.jpg,1
AQ_058.jpg,3
AQ_059.jpg,3
AQ_060.jpg,1
AQ_061.jpg,6
AQ_062.jpg,1
AQ_063.jpg,5
AQ_064.jpg,4
AQ_065.jpg,1
AQ_066.jpg,3
AQ_067.jpg,0
AQ_068.jpg,1
AQ_069.jpg,0
AQ_070.jpg,3
AQ_071.jpg,4
AQ_072.jpg,5
AQ_073.jpg,0
AQ_074.jpg,6
AQ_075.jpg,0
AQ_076.jpg,1
AQ_077.jpg,6
AQ_078.jpg,3
AQ_079.jpg,1
AQ_080.jpg,2
AQ_081.jpg,5
AQ_082.jpg,5
AQ_083.jpg,1
AQ_084.jpg,3
AQ_085.jpg,3
AQ_086.jpg,2
AQ_088.jpg,0
AQ_089.jpg,5
AQ_090.jpg,0
AQ_091.jpg,4
AQ_092.jpg,5
AQ_093.jpg,4
AQ_094.jpg,0
AQ_095.jpg,6
AQ_096.jpg,1
AQ_097.jpg,1
AQ_098.jpg,5
AQ_099.jpg,1
AQ_100.jpg,5
AQ_101.jpg,1
AQ_102.jpg,2
AQ_103.jpg,0
AQ_104.jpg,3
AQ_105.jpg,3
AQ_106.jpg,1
AQ_107.jpg,0
AQ_108.jpg,3
AQ_109.jpg,0
AQ_111.jpg,1
AQ_112.jpg,1
AQ_113.jpg,3
AQ_114.jpg,0
AQ_115.jpg,4
AQ_116.jpg,2
AQ_117.jpg,3
AQ_148.jpg,0
AQ_149.jpg,0
AQ_150.jpg,0
SK_001.jpg,5
SK_002.jpg,6
SK_003.jpg,2
SK_004.jpg,3
SK_005.jpg,1
SK_006.jpg,1
SK_007.jpg,3
SK_008.jpg,2
SK_010.jpg,6
SK_011.jpg,3
SK_013.jpg,4
SK_014.jpg,5
SK_015.jpg,1
SK_016.jpg,5
SK_017.jpg,2
SK_018.jpg,5
SK_019.jpg,4
SK_021.jpg,2
SK_022.jpg,1
SK_023.jpg,3
SK_024.jpg,3
SK_025.jpg,3
SK_026.jpg,5
SK_027.jpg,4
SK_028.jpg,4
SK_029.jpg,5
SK_030.jpg,6
SK_033.jpg,3
SK_034.jpg,0
SK_035.jpg,6
SK_036.jpg,4
SK_037.jpg,5
SK_038.jpg,5
SK_039.jpg,6
SK_040.jpg,0
SK_041.jpg,3
SK_042.jpg,0
SK_043.jpg,5
SK_044.jpg,3
SK_045.jpg,6
SK_046.jpg,6
SK_047.jpg,0
SK_048.jpg,0
SK_049.jpg,3
SK_050.jpg,5
SK_051.jpg,0
SK_052.jpg,5
SK_053.jpg,0
SK_054.jpg,0
SK_055.jpg,0
SK_056.jpg,1
SK_057.jpg,6
SK_058.jpg,6
SK_059.jpg,5
SK_060.jpg,1
SK_061.jpg,0
SK_062.jpg,2
SK_063.jpg,6
SK_064.jpg,1
SK_065.jpg,0
SK_066.jpg,2
SK_067.jpg,0
SK_068.jpg,0
SK_069.jpg,6
SK_070.jpg,1
SK_071.jpg,3
SK_072.jpg,1
SK_073.jpg,1
SK_074.jpg,5
SK_075.jpg,3
SK_076.jpg,4
SK_077.jpg,3
SK_078.jpg,0
SK_080.jpg,6
SK_081.jpg,1
SK_082.jpg,1
SK_083.jpg,1
SK_084.jpg,4
SK_085.jpg,1
SK_086.jpg,1
SK_087.jpg,3
SK_088.jpg,3
SK_089.jpg,0
SK_090.jpg,0
SK_091.jpg,5
SK_092.jpg,5
SK_093.jpg,5
SK_094.jpg,3
SK_095.jpg,3
SK_096.jpg,1
SK_098.jpg,2
SK_099.jpg,2
SK_100.jpg,0
SK_101.jpg,0
SK_102.jpg,0
SK_103.jpg,3
SK_104.jpg,3
SK_105.jpg,1
SK_106.jpg,1
SK_107.jpg,3
SK_108.jpg,5
SK_109.jpg,0
SK_110.jpg,0
SK_111.jpg,1
SK_112.jpg,1
SK_113.jpg,4
SK_114.jpg,1
SK_115.jpg,1
SK_116.jpg,1
SK_117.jpg,1
SK_118.jpg,1
SK_145.jpg,0
SK_146.jpg,0
SK_147.jpg,0
SK_148.jpg,0
SK_149.jpg,0
SK_150.jpg,0
RS_002.jpg,1
RS_003.jpg,2
RS_004.jpg,2
RS_005.jpg,0
RS_006.jpg,1
RS_007.jpg,6
RS_008.jpg,5
RS_009.jpg,4
RS_011.jpg,1
RS_012.jpg,0
RS_013.jpg,3
RS_014.jpg,3
RS_015.jpg,2
RS_016.jpg,1
RS_017.jpg,5
RS_018.jpg,5
RS_019.jpg,3
RS_020.jpg,1
RS_021.jpg,3
RS_022.jpg,3
RS_023.jpg,3
RS_024.jpg,1
RS_026.jpg,1
RS_027.jpg,2
RS_028.jpg,2
RS_029.jpg,0
RS_030.jpg,4
RS_031.jpg,1
RS_032.jpg,1
RS_033.jpg,5
RS_034.jpg,6
RS_035.jpg,6
RS_038.jpg,0
RS_039.jpg,4
RS_040.jpg,3
RS_041.jpg,3
RS_043.jpg,1
RS_044.jpg,0
RS_045.jpg,0
RS_046.jpg,0
RS_047.jpg,0
RS_048.jpg,3
RS_051.jpg,3
RS_052.jpg,4
RS_053.jpg,4
RS_054.jpg,1
RS_055.jpg,3
RS_056.jpg,5
RS_057.jpg,5
RS_058.jpg,5
RS_059.jpg,3
RS_060.jpg,3
RS_061.jpg,2
RS_062.jpg,5
RS_066.jpg,6
RS_067.jpg,6
RS_068.jpg,6
RS_069.jpg,1
RS_070.jpg,0
RS_071.jpg,0
RS_072.jpg,0
RS_073.jpg,2
RS_074.jpg,2
RS_075.jpg,1
RS_076.jpg,1
RS_077.jpg,3
RS_078.jpg,1
RS_079.jpg,0
RS_096.jpg,0
RS_097.jpg,4
RS_098.jpg,5
RS_099.jpg,3
RS_100.jpg,2
RS_101.jpg,6
RS_102.jpg,1
SS_001.jpg,5
SS_002.jpg,1
SS_003.jpg,1
SS_004.jpg,6
SS_005.jpg,2
SS_006.jpg,4
SS_007.jpg,3
SS_008.jpg,6
SS_011.jpg,1
SS_012.jpg,1
SS_013.jpg,5
SS_014.jpg,0
SS_015.jpg,2
SS_016.jpg,6
SS_017.jpg,3
SS_018.jpg,0
SS_019.jpg,3
SS_020.jpg,4
SS_021.jpg,5
SS_022.jpg,1
SS_025.jpg,3
SS_026.jpg,6
SS_027.jpg,5
SS_028.jpg,5
SS_029.jpg,1
SS_030.jpg,3
SS_031.jpg,0
SS_032.jpg,5
SS_033.jpg,1
SS_034.jpg,0
SS_035.jpg,4
SS_036.jpg,4
SS_037.jpg,0
SS_038.jpg,1
SS_039.jpg,3
SS_040.jpg,6
SS_042.jpg,1
SS_043.jpg,1
SS_044.jpg,0
SS_045.jpg,3
SS_046.jpg,3
SS_048.jpg,1
SS_049.jpg,1
SS_050.jpg,3
SS_051.jpg,2
SS_052.jpg,0
SS_053.jpg,1
SS_054.jpg,6
SS_055.jpg,6
SS_057.jpg,1
SS_058.jpg,1
SS_059.jpg,2
SS_060.jpg,0
SS_061.jpg,6
SS_062.jpg,6
SS_063.jpg,0
SS_064.jpg,1
SS_065.jpg,2
SS_066.jpg,3
SS_067.jpg,3
SS_068.jpg,3
SS_069.jpg,6
SS_070.jpg,3
SS_071.jpg,5
SS_072.jpg,4
SS_073.jpg,3
SS_074.jpg,6
SS_075.jpg,5
SS_076.jpg,1
SS_077.jpg,1
SS_078.jpg,1
SS_079.jpg,0
SS_080.jpg,0
SS_081.jpg,0
SS_082.jpg,5
SS_083.jpg,3
SS_084.jpg,3
SS_085.jpg,0
SS_094.jpg,0
SS_096.jpg,6
SS_097.jpg,3
SS_098.jpg,4
SS_099.jpg,2
SS_100.jpg,3
DR_002.jpg,0
DR_003.jpg,3
DR_004.jpg,0
DR_005.jpg,5
DR_006.jpg,6
DR_007.jpg,4
DR_008.jpg,4
DR_009.jpg,1
DR_010.jpg,0
DR_011.jpg,1
DR_012.jpg,2
DR_013.jpg,3
DR_014.jpg,0
DR_015.jpg,0
DR_016.jpg,6
DR_017.jpg,4
DR_018.jpg,1
DR_019.jpg,0
DR_020.jpg,0
DR_022.jpg,0
DR_023.jpg,0
DR_024.jpg,2
DR_025.jpg,2
DR_026.jpg,0
DR_027.jpg,4
DR_029.jpg,5
DR_030.jpg,5
DR_031.jpg,1
DR_032.jpg,3
DR_033.jpg,3
DR_035.jpg,4
DR_036.jpg,3
DR_037.jpg,5
DR_038.jpg,1
DR_039.jpg,3
DR_040.jpg,3
DR_041.jpg,0
DR_042.jpg,0
DR_043.jpg,6
DR_044.jpg,3
DR_045.jpg,0
DR_046.jpg,0
DR_047.jpg,0
DR_048.jpg,3
DR_049.jpg,0
DR_050.jpg,0
DR_051.jpg,3
DR_052.jpg,3
DR_053.jpg,3
DR_054.jpg,3
DR_055.jpg,5
DR_056.jpg,5
DR_057.jpg,1
DR_058.jpg,3
DR_060.jpg,3
DR_061.jpg,4
DR_062.jpg,4
DR_063.jpg,4
DR_064.jpg,4
DR_065.jpg,3
DR_066.jpg,1
DR_067.jpg,1
DR_068.jpg,1
DR_069.jpg,2
DR_070.jpg,2
DR_071.jpg,1
DR_072.jpg,2
DR_073.jpg,6
DR_074.jpg,6
DR_075.jpg,0
DR_076.jpg,0
DR_077.jpg,2
DR_078.jpg,5
DR_079.jpg,5
DR_080.jpg,1
DR_081.jpg,1
DR_089.jpg,4
DR_090.jpg,0
DR_091.jpg,5
DR_092.jpg,3
DR_093.jpg,0
DR_094.jpg,0
DR_095.jpg,2
DR_096.jpg,1
DR_097.jpg,0
DR_098.jpg,2
DR_099.jpg,2
DR_100.jpg,2
MA_013.jpg,4
MA_014.jpg,3
MA_016.jpg,3
MA_017.jpg,1
MA_018.jpg,3
MA_019.jpg,2
MA_020.jpg,5
MA_022.jpg,5
MA_023.jpg,0
MA_025.jpg,3
MA_026.jpg,3
MA_027.jpg,4
MA_028.jpg,4
MA_029.jpg,4
MA_031.jpg,3
MA_032.jpg,6
MA_033.jpg,5
MA_034.jpg,2
MA_035.jpg,2
MA_036.jpg,5
MA_038.jpg,5
MA_039.jpg,1
MA_040.jpg,5
MA_041.jpg,0
MA_042.jpg,0
MA_043.jpg,4
MA_044.jpg,3
MA_045.jpg,6
MA_046.jpg,3
MA_047.jpg,3
MA_048.jpg,3
MA_049.jpg,4
MA_050.jpg,3
MA_051.jpg,3
MA_052.jpg,4
MA_053.jpg,4
MA_056.jpg,3
MA_057.jpg,3
MA_058.jpg,5
MA_059.jpg,5
MA_060.jpg,5
MA_061.jpg,5
MA_062.jpg,2
MA_063.jpg,2
MA_064.jpg,2
MA_067.jpg,5
MA_068.jpg,5
MA_089.jpg,2
MA_090.jpg,1
MA_091.jpg,2
MA_092.jpg,4
MA_093.jpg,1
MA_094.jpg,3
MA_095.jpg,5
MA_097.jpg,6
HL_001.jpg,6
HL_002.jpg,6
HL_003.jpg,1
HL_005.jpg,4
HL_006.jpg,0
HL_007.jpg,1
HL_009.jpg,5
HL_010.jpg,5
HL_012.jpg,3
HL_013.jpg,1
HL_015.jpg,3
HL_016.jpg,1
HL_017.jpg,6
HL_018.jpg,3
HL_019.jpg,3
HL_020.jpg,1
HL_022.jpg,2
HL_023.jpg,3
HL_024.jpg,3
HL_025.jpg,3
HL_026.jpg,2
HL_027.jpg,1
HL_030.jpg,0
HL_031.jpg,5
HL_032.jpg,3
HL_033.jpg,0
HL_034.jpg,3
HL_035.jpg,1
HL_036.jpg,1
HL_037.jpg,0
HL_038.jpg,4
HL_039.jpg,0
HL_040.jpg,3
HL_041.jpg,5
HL_042.jpg,5
HL_043.jpg,6
HL_046.jpg,5
HL_047.jpg,3
HL_048.jpg,0
HL_049.jpg,6
HL_050.jpg,1
HL_051.jpg,3
HL_052.jpg,6
HL_053.jpg,5
HL_054.jpg,6
HL_055.jpg,1
HL_056.jpg,4
HL_057.jpg,4
HL_058.jpg,3
HL_059.jpg,2
HL_060.jpg,0
HL_061.jpg,3
HL_062.jpg,1
HL_063.jpg,0
HL_064.jpg,5
HL_065.jpg,6
HL_066.jpg,5
HL_067.jpg,4
HL_068.jpg,1
HL_069.jpg,4
HL_070.jpg,5
HL_071.jpg,1
HL_072.jpg,6
HL_073.jpg,3
HL_074.jpg,3
HL_075.jpg,3
HL_076.jpg,1
HL_077.jpg,3
HL_078.jpg,0
HL_079.jpg,3
HL_080.jpg,4
HL_081.jpg,2
HL_082.jpg,0
HL_083.jpg,1
HL_093.jpg,5
HL_094.jpg,3
HL_096.jpg,2
HL_097.jpg,3
HL_098.jpg,5
HL_100.jpg,1
HL_101.jpg,0
HL_102.jpg,5
RG_001.jpg,1
RG_002.jpg,1
RG_003.jpg,3
RG_004.jpg,0
RG_005.jpg,6
RG_006.jpg,0
RG_007.jpg,5
RG_008.jpg,5
RG_009.jpg,5
RG_010.jpg,0
RG_011.jpg,3
RG_012.jpg,4
RG_013.jpg,2
RG_014.jpg,6
RG_015.jpg,0
RG_016.jpg,0
RG_017.jpg,1
RG_018.jpg,2
RG_019.jpg,0
RG_020.jpg,3
RG_021.jpg,0
RG_022.jpg,5
RG_023.jpg,0
RG_024.jpg,0
RG_025.jpg,6
RG_026.jpg,3
RG_027.jpg,4
RG_028.jpg,5
RG_029.jpg,1
RG_030.jpg,1
RG_031.jpg,2
RG_032.jpg,6
RG_033.jpg,6
RG_034.jpg,6
RG_035.jpg,1
RG_036.jpg,1
RG_037.jpg,0
RG_038.jpg,5
RG_039.jpg,1
RG_040.jpg,1
RG_041.jpg,1
RG_042.jpg,5
RG_043.jpg,1
RG_044.jpg,0
RG_045.jpg,0
RG_046.jpg,3
RG_047.jpg,0
RG_048.jpg,0
RG_049.jpg,1
RG_050.jpg,3
RG_051.jpg,1
RG_052.jpg,0
RG_053.jpg,1
RG_054.jpg,1
RG_055.jpg,1
RG_056.jpg,1
RG_057.jpg,2
RG_058.jpg,2
RG_059.jpg,0
RG_060.jpg,5
RG_061.jpg,5
RG_062.jpg,0
RG_063.jpg,6
RG_064.jpg,2
RG_065.jpg,0
RG_066.jpg,3
RG_067.jpg,3
RG_068.jpg,4
RG_069.jpg,0
RG_070.jpg,1
RG_071.jpg,1
RG_072.jpg,1
RG_073.jpg,0
RG_074.jpg,4
RG_075.jpg,3
RG_076.jpg,2
RG_077.jpg,0
RG_078.jpg,3
RG_079.jpg,3
RG_080.jpg,6
RG_081.jpg,0
RG_082.jpg,3
RG_083.jpg,3
RG_084.jpg,1
RG_085.jpg,4
RG_086.jpg,1
RG_104.jpg,3
RG_105.jpg,2
RG_106.jpg,0
RG_107.jpg,4
RG_108.jpg,6
RG_109.jpg,3
RG_110.jpg,6
RG_111.jpg,6
RG_112.jpg,1
RG_113.jpg,2
RG_114.jpg,3
RG_115.jpg,2
RG_116.jpg,4
TRR_001.jpg,3
TRR_011.jpg,1
TRR_012.jpg,3
TRR_013.jpg,5
TRR_014.jpg,0
TRR_021.jpg,3
TRR_022.jpg,0
TRR_023.jpg,1
TRR_024.jpg,2
TRR_025.jpg,6
TRR_026.jpg,3
TRR_027.jpg,3
TRR_028.jpg,1
TRR_043.jpg,5
TRR_044.jpg,2
TRR_045.jpg,3
TRR_048.jpg,3
TRR_049.jpg,1
TRR_050.jpg,0
TRR_051.jpg,5
TRR_052.jpg,0
TRR_053.jpg,0
TRR_054.jpg,6
TRR_055.jpg,1
TRR_056.jpg,1
TRR_057.jpg,1
TRR_058.jpg,3
TRR_059.jpg,2
TRR_060.jpg,2
TRR_061.jpg,1
TRR_062.jpg,5
TRR_063.jpg,5
TRR_064.jpg,1
TRR_065.jpg,3
TRR_066.jpg,4
TRR_067.jpg,4
TRR_068.jpg,3
TRR_069.jpg,5
TRR_070.jpg,3
TRR_071.jpg,0
TRR_072.jpg,0
TRR_073.jpg,3
TRR_074.jpg,5
TRR_075.jpg,0
TRR_076.jpg,6
TRR_077.jpg,2
TRR_078.jpg,1
TRR_079.jpg,5
TRR_080.jpg,4
TRR_081.jpg,3
TRR_082.jpg,1
TRR_107.jpg,3
TRR_108.jpg,2
TRR_109.jpg,1
TRR_110.jpg,2
DX_001.jpg,0
DX_002.jpg,1
DX_003.jpg,5
DX_004.jpg,2
DX_005.jpg,5
DX_007.jpg,6
DX_008.jpg,3
DX_010.jpg,3
DX_011.jpg,6
DX_013.jpg,1
DX_014.jpg,6
DX_015.jpg,0
DX_016.jpg,6
DX_017.jpg,6
DX_018.jpg,6
DX_019.jpg,3
DX_020.jpg,2
DX_021.jpg,3
DX_022.jpg,0
DX_024.jpg,3
DX_025.jpg,1
DX_027.jpg,1
DX_028.jpg,5
DX_029.jpg,6
DX_030.jpg,5
DX_031.jpg,1
DX_032.jpg,6
DX_033.jpg,3
DX_034.jpg,3
DX_035.jpg,3
DX_036.jpg,5
DX_037.jpg,2
DX_038.jpg,4
DX_039.jpg,1
DX_040.jpg,6
DX_041.jpg,4
DX_042.jpg,5
DX_043.jpg,1
DX_044.jpg,4
DX_045.jpg,0
DX_046.jpg,1
DX_047.jpg,6
DX_048.jpg,3
DX_049.jpg,0
DX_050.jpg,0
DX_051.jpg,1
DX_052.jpg,0
DX_053.jpg,5
DX_054.jpg,3
DX_055.jpg,6
DX_057.jpg,3
DX_058.jpg,6
DX_059.jpg,4
DX_060.jpg,4
DX_061.jpg,3
DX_062.jpg,1
DX_063.jpg,3
DX_064.jpg,3
DX_065.jpg,5
DX_066.jpg,6
DX_067.jpg,1
DX_068.jpg,2
DX_069.jpg,5
DX_071.jpg,1
DX_072.jpg,1
DX_073.jpg,0
DX_074.jpg,2
DX_075.jpg,2
DX_076.jpg,6
DX_077.jpg,3
DX_078.jpg,1
DX_079.jpg,0
DX_080.jpg,0
DX_081.jpg,3
DX_082.jpg,1
DX_083.jpg,1
DX_096.jpg,1
DX_097.jpg,6
DX_098.jpg,6
DX_099.jpg,6
DX_100.jpg,5
DX_101.jpg,4
DX_102.jpg,0
DX_103.jpg,0
DX_105.jpg,0
DX_106.jpg,0
DX_107.jpg,0
EM_001.jpg,2
EM_002.jpg,6
EM_003.jpg,0
EM_004.jpg,6
EM_005.jpg,5
EM_006.jpg,3
EM_007.jpg,4
EM_008.jpg,3
EM_009.jpg,0
EM_010.jpg,1
EM_011.jpg,3
EM_012.jpg,6
EM_013.jpg,3
EM_014.jpg,5
EM_015.jpg,3
EM_016.jpg,4
EM_017.jpg,5
EM_018.jpg,3
EM_019.jpg,5
EM_020.jpg,1
EM_021.jpg,0
EM_022.jpg,1
EM_023.jpg,2
EM_024.jpg,5
EM_025.jpg,2
EM_026.jpg,0
EM_027.jpg,4
EM_028.jpg,1
EM_029.jpg,6
EM_030.jpg,6
EM_031.jpg,5
EM_032.jpg,1
EM_033.jpg,6
EM_034.jpg,0
EM_035.jpg,0
EM_036.jpg,3
EM_037.jpg,4
EM_038.jpg,2
EM_039.jpg,4
EM_040.jpg,1
EM_041.jpg,0
EM_042.jpg,1
EM_043.jpg,5
EM_044.jpg,1
EM_045.jpg,0
EM_046.jpg,6
EM_047.jpg,4
EM_048.jpg,4
EM_049.jpg,3
EM_050.jpg,3
EM_051.jpg,1
EM_052.jpg,5
EM_053.jpg,3
EM_054.jpg,5
EM_055.jpg,5
EM_056.jpg,3
EM_057.jpg,2
EM_058.jpg,2
EM_059.jpg,4
EM_060.jpg,4
EM_061.jpg,6
EM_062.jpg,5
EM_063.jpg,1
EM_064.jpg,3
EM_065.jpg,6
EM_066.jpg,6
EM_067.jpg,0
EM_068.jpg,0
EM_069.jpg,2
EM_070.jpg,1
EM_071.jpg,4
EM_072.jpg,2
EM_073.jpg,0
EM_074.jpg,0
EM_090.jpg,0
EM_091.jpg,1
EM_092.jpg,2
EM_093.jpg,6
EM_094.jpg,6
EM_095.jpg,5
EM_096.jpg,3
EM_097.jpg,4
EM_098.jpg,3
EM_099.jpg,5
EM_107.jpg,0
UF_001.jpg,4
UF_002.jpg,1
UF_003.jpg,1
UF_004.jpg,3
UF_005.jpg,2
UF_007.jpg,2
UF_008.jpg,4
UF_009.jpg,1
UF_010.jpg,3
UF_011.jpg,5
UF_012.jpg,0
UF_013.jpg,3
UF_014.jpg,6
UF_015.jpg,5
UF_016.jpg,1
UF_017.jpg,2
UF_018.jpg,0
UF_019.jpg,3
UF_020.jpg,0
UF_021.jpg,0
UF_022.jpg,4
UF_023.jpg,4
UF_024.jpg,5
UF_025.jpg,5
UF_026.jpg,5
UF_027.jpg,2
UF_028.jpg,3
UF_029.jpg,6
UF_031.jpg,3
UF_032.jpg,0
UF_033.jpg,5
UF_034.jpg,0
UF_035.jpg,1
UF_036.jpg,0
UF_037.jpg,3
UF_038.jpg,3
UF_039.jpg,0
UF_040.jpg,4
UF_041.jpg,2
UF_042.jpg,0
UF_043.jpg,0
UF_044.jpg,5
UF_045.jpg,2
UF_046.jpg,1
UF_047.jpg,1
UF_048.jpg,0
UF_049.jpg,6
UF_050.jpg,1
UF_051.jpg,1
UF_052.jpg,4
UF_053.jpg,0
UF_054.jpg,2
UF_055.jpg,0
UF_056.jpg,4
UF_057.jpg,5
UF_058.jpg,1
UF_059.jpg,0
UF_060.jpg,2
UF_061.jpg,5
UF_062.jpg,4
UF_063.jpg,6
UF_064.jpg,1
UF_065.jpg,5
UF_066.jpg,1
UF_067.jpg,3
UF_068.jpg,3
UF_069.jpg,0
UF_070.jpg,5
UF_071.jpg,3
UF_072.jpg,6
UF_073.jpg,2
UF_074.jpg,0
UF_075.jpg,1
UF_076.jpg,1
UF_077.jpg,0
UF_078.jpg,3
UF_079.jpg,5
UF_101.jpg,0
UF_102.jpg,6
UF_103.jpg,3
UF_104.jpg,2
UF_105.jpg,0
UF_106.jpg,1
UF_107.jpg,3
UF_110.jpg,2
UF_113.jpg,2
UF_114.jpg,4
UF_115.jpg,3
UF_117.jpg,1
UF_118.jpg,6
UF_119.jpg,6
UF_120.jpg,6
UF_121.jpg,6
UF_122.jpg,6
UF_123.jpg,6
UF_124.jpg,6
UF_125.jpg,6
UF_126.jpg,6
UF_127.jpg,6
UF_128.jpg,6
UF_129.jpg,6
UF_130.jpg,6
UF_131.jpg,6
UF_132.jpg,6
UF_133.jpg,6
UF_134.jpg,6
UF_135.jpg,6
UF_136.jpg,6
UF_137.jpg,6
UF_138.jpg,6
UF_139.jpg,6
UF_140.jpg,6
UF_141.jpg,6
UF_142.jpg,6
UF_143.jpg,6
UF_144.jpg,6
UF_145.jpg,6
DS_020.jpg,0
DS_021.jpg,4
DS_023.jpg,6
DS_025.jpg,0
DS_026.jpg,3
DS_028.jpg,3
DS_029.jpg,3
DS_031.jpg,2
DS_032.jpg,0
DS_033.jpg,1
DS_034.jpg,0
DS_035.jpg,0
DS_036.jpg,1
DS_037.jpg,2
DS_038.jpg,6
DS_039.jpg,4
DS_040.jpg,3
DS_041.jpg,4
DS_042.jpg,4
DS_043.jpg,1
DS_044.jpg,5
DS_045.jpg,1
DS_046.jpg,1
DS_047.jpg,6
DS_048.jpg,4
DS_049.jpg,4
DS_050.jpg,0
DS_051.jpg,2
DS_052.jpg,2
DS_053.jpg,2
DS_054.jpg,2
DS_056.jpg,1
DS_057.jpg,2
DS_058.jpg,2
DS_059.jpg,4
DS_060.jpg,5
DS_061.jpg,2
DS_062.jpg,5
DS_063.jpg,4
DS_064.jpg,3
DS_065.jpg,4
DS_066.jpg,4
DS_067.jpg,6
DS_069.jpg,0
DS_071.jpg,4
DS_072.jpg,1
DS_073.jpg,2
DS_074.jpg,4
DS_075.jpg,5
DS_076.jpg,3
DS_077.jpg,0
DS_078.jpg,2
DS_080.jpg,0
DS_081.jpg,6
DS_082.jpg,5
DS_083.jpg,3
DS_084.jpg,3
DS_085.jpg,3
DS_086.jpg,0
DS_087.jpg,1
DS_088.jpg,1
DS_108.jpg,2
DS_109.jpg,4
DS_110.jpg,3
DS_111.jpg,5
DS_112.jpg,3
DS_114.jpg,3
LM_001.jpg,0
LM_003.jpg,1
LM_004.jpg,0
LM_005.jpg,6
LM_006.jpg,5
LM_007.jpg,5
LM_008.jpg,3
LM_009.jpg,5
LM_010.jpg,6
LM_011.jpg,1
LM_013.jpg,1
LM_014.jpg,3
LM_016.jpg,6
LM_017.jpg,3
LM_018.jpg,3
LM_019.jpg,4
LM_020.jpg,6
LM_021.jpg,2
LM_022.jpg,4
LM_023.jpg,3
LM_024.jpg,1
LM_025.jpg,5
LM_026.jpg,0
LM_027.jpg,2
LM_028.jpg,6
LM_029.jpg,5
LM_030.jpg,1
LM_031.jpg,0
LM_032.jpg,4
LM_033.jpg,0
LM_034.jpg,5
LM_035.jpg,6
LM_036.jpg,5
LM_037.jpg,0
LM_039.jpg,5
LM_040.jpg,6
LM_042.jpg,1
LM_043.jpg,3
LM_044.jpg,1
LM_045.jpg,3
LM_046.jpg,0
LM_047.jpg,1
LM_049.jpg,1
LM_050.jpg,4
LM_051.jpg,3
LM_052.jpg,6
LM_053.jpg,5
LM_054.jpg,1
LM_055.jpg,2
LM_056.jpg,1
LM_057.jpg,5
LM_058.jpg,2
LM_059.jpg,4
LM_060.jpg,3
LM_061.jpg,1
LM_062.jpg,1
LM_063.jpg,6
LM_064.jpg,0
LM_065.jpg,3
LM_066.jpg,3
LM_067.jpg,5
LM_068.jpg,4
LM_069.jpg,3
LM_070.jpg,1
LM_071.jpg,6
LM_083.jpg,2
LM_084.jpg,5
LM_085.jpg,6
LM_086.jpg,1
LM_087.jpg,0
LM_088.jpg,6
LM_089.jpg,3
LM_090.jpg,3
LM_091.jpg,5
HP_005.jpg,0
HP_006.jpg,4
HP_009.jpg,4
HP_011.jpg,2
HP_012.jpg,3
HP_013.jpg,6
HP_019.jpg,3
HP_020.jpg,2
HP_021.jpg,2
HP_022.jpg,3
HP_024.jpg,4
HP_025.jpg,5
HP_026.jpg,2
HP_027.jpg,3
HP_028.jpg,5
HP_030.jpg,3
HP_032.jpg,1
HP_033.jpg,2
HP_034.jpg,0
HP_035.jpg,2
HP_036.jpg,2
HP_038.jpg,6
HP_039.jpg,2
HP_040.jpg,5
HP_041.jpg,5
HP_042.jpg,6
HP_043.jpg,4
HP_044.jpg,0
HP_046.jpg,4
HP_047.jpg,1
HP_049.jpg,4
HP_050.jpg,2
HP_051.jpg,4
HP_052.jpg,2
HP_053.jpg,5
HP_054.jpg,1
HP_055.jpg,5
HP_056.jpg,6
HP_059.jpg,6
HP_060.jpg,5
HP_061.jpg,5
HP_062.jpg,3
HP_063.jpg,3
HP_064.jpg,4
HP_065.jpg,5
HP_066.jpg,2
HP_067.jpg,4
HP_070.jpg,2
HP_072.jpg,2
HP_073.jpg,3
HP_074.jpg,6
HP_075.jpg,5
HP_077.jpg,4
HP_078.jpg,4
HP_081.jpg,4
HP_082.jpg,1
HP_083.jpg,2
HP_084.jpg,1
HP_099.jpg,3
HP_100.jpg,6
HP_102.jpg,2
HP_103.jpg,6
HP_104.jpg,4
HP_111.jpg,6
CG_001.jpg,6
CG_003.jpg,2
CG_005.jpg,5
CG_006.jpg,2
CG_007.jpg,3
CG_008.jpg,4
CG_011.jpg,1
CG_012.jpg,0
CG_013.jpg,0
CG_014.jpg,3
CG_015.jpg,5
CG_016.jpg,5
CG_017.jpg,6
CG_018.jpg,4
CG_019.jpg,6
CG_020.jpg,6
CG_021.jpg,0
CG_023.jpg,0
CG_024.jpg,3
CG_025.jpg,5
CG_026.jpg,4
CG_027.jpg,5
CG_028.jpg,1
CG_029.jpg,2
CG_030.jpg,4
CG_031.jpg,2
CG_032.jpg,1
CG_033.jpg,1
CG_034.jpg,1
CG_035.jpg,1
CG_037.jpg,3
CG_038.jpg,5
CG_040.jpg,6
CG_041.jpg,0
CG_042.jpg,3
CG_043.jpg,3
CG_045.jpg,1
CG_046.jpg,1
CG_047.jpg,1
CG_048.jpg,2
CG_049.jpg,4
CG_050.jpg,5
CG_051.jpg,6
CG_052.jpg,4
CG_053.jpg,0
CG_054.jpg,3
CG_055.jpg,3
CG_056.jpg,5
CG_057.jpg,3
CG_058.jpg,3
CG_059.jpg,2
CG_060.jpg,1
CG_061.jpg,0
CG_062.jpg,6
CG_063.jpg,3
CG_064.jpg,3
CG_065.jpg,2
CG_066.jpg,2
CG_067.jpg,1
CG_068.jpg,6
CG_069.jpg,0
CG_070.jpg,3
CG_090.jpg,5
CG_091.jpg,0
CG_092.jpg,0
CG_093.jpg,5
CG_094.jpg,6
CG_095.jpg,3
CG_096.jpg,6
CG_098.jpg,3
CG_099.jpg,6
CG_100.jpg,1
DF_001.jpg,0
DF_002.jpg,4
DF_003.jpg,2
DF_004.jpg,5
DF_005.jpg,2
DF_008.jpg,6
DF_009.jpg,5
DF_010.jpg,1
DF_011.jpg,3
DF_012.jpg,6
DF_013.jpg,2
DF_014.jpg,5
DF_015.jpg,0
DF_016.jpg,4
DF_017.jpg,2
DF_019.jpg,6
DF_020.jpg,4
DF_021.jpg,1
DF_022.jpg,5
DF_024.jpg,6
DF_026.jpg,5
DF_027.jpg,4
DF_028.jpg,1
DF_029.jpg,5
DF_030.jpg,0
DF_031.jpg,5
DF_032.jpg,6
DF_033.jpg,2
DF_036.jpg,6
DF_037.jpg,5
DF_038.jpg,3
DF_039.jpg,6
DF_040.jpg,2
DF_041.jpg,3
DF_042.jpg,6
DF_043.jpg,3
DF_044.jpg,5
DF_045.jpg,6
DF_046.jpg,1
DF_047.jpg,2
DF_048.jpg,5
DF_049.jpg,2
DF_050.jpg,5
DF_051.jpg,5
DF_052.jpg,4
DF_054.jpg,0
DF_058.jpg,5
DF_059.jpg,4
DF_060.jpg,6
DF_061.jpg,2
DF_062.jpg,0
DF_063.jpg,5
DF_064.jpg,2
DF_065.jpg,3
DF_066.jpg,2
DF_067.jpg,4
DF_068.jpg,6
DF_069.jpg,6
DF_070.jpg,6
DF_071.jpg,1
DF_090.jpg,3
DF_091.jpg,1
DF_092.jpg,6
DF_093.jpg,2
DF_094.jpg,5
DF_095.jpg,2
DF_096.jpg,3
DF_097.jpg,4
DF_098.jpg,3
DF_099.jpg,4
DF_101.jpg,3
PK_002.jpg,0
PK_003.jpg,5
PK_004.jpg,6
PK_005.jpg,2
PK_006.jpg,2
PK_007.jpg,1
PK_008.jpg,0
PK_009.jpg,6
PK_010.jpg,5
PK_011.jpg,5
PK_012.jpg,4
PK_013.jpg,0
PK_014.jpg,6
PK_015.jpg,4
PK_016.jpg,4
PK_019.jpg,2
PK_020.jpg,3
PK_021.jpg,4
PK_022.jpg,6
PK_023.jpg,1
PK_024.jpg,6
PK_025.jpg,0
PK_026.jpg,5
PK_028.jpg,2
PK_029.jpg,2
PK_030.jpg,3
PK_031.jpg,6
PK_033.jpg,5
PK_034.jpg,5
PK_037.jpg,3
PK_039.jpg,0
PK_040.jpg,0
PK_041.jpg,0
PK_043.jpg,0
PK_044.jpg,6
PK_046.jpg,1
PK_048.jpg,2
PK_049.jpg,4
PK_050.jpg,6
PK_051.jpg,5
PK_052.jpg,1
PK_053.jpg,5
PK_054.jpg,4
PK_055.jpg,5
PK_056.jpg,3
PK_057.jpg,4
PK_059.jpg,6
PK_060.jpg,1
PK_061.jpg,6
PK_062.jpg,0
PK_063.jpg,0
PK_064.jpg,3
PK_065.jpg,3
PK_066.jpg,0
PK_067.jpg,2
PK_068.jpg,5
PK_069.jpg,2
PK_070.jpg,6
PK_093.jpg,6
PK_094.jpg,0
PK_096.jpg,0
PK_099.jpg,3
PK_100.jpg,2
PK_101.jpg,4
PK_102.jpg,3
DP_002.jpg,6
DP_003.jpg,4
DP_004.jpg,3
DP_005.jpg,2
DP_006.jpg,5
DP_007.jpg,4
DP_009.jpg,3
DP_010.jpg,6
DP_011.jpg,3
DP_012.jpg,5
DP_013.jpg,1
DP_016.jpg,0
DP_017.jpg,1
DP_018.jpg,3
DP_019.jpg,1
DP_020.jpg,0
DP_021.jpg,1
DP_022.jpg,0
DP_023.jpg,6
DP_024.jpg,6
DP_025.jpg,1
DP_026.jpg,3
DP_027.jpg,6
DP_028.jpg,1
DP_029.jpg,5
DP_030.jpg,0
DP_031.jpg,5
DP_032.jpg,5
DP_033.jpg,0
DP_034.jpg,0
DP_035.jpg,4
DP_036.jpg,0
DP_037.jpg,0
DP_039.jpg,1
DP_041.jpg,6
DP_042.jpg,6
DP_043.jpg,1
DP_044.jpg,1
DP_045.jpg,1
DP_046.jpg,6
DP_047.jpg,6
DP_048.jpg,4
DP_049.jpg,1
DP_050.jpg,6
DP_051.jpg,5
DP_052.jpg,4
DP_053.jpg,5
DP_055.jpg,3
DP_056.jpg,2
DP_058.jpg,3
DP_059.jpg,2
DP_060.jpg,5
DP_061.jpg,5
DP_062.jpg,3
DP_063.jpg,1
DP_064.jpg,0
DP_065.jpg,6
DP_066.jpg,6
DP_067.jpg,6
DP_068.jpg,6
DP_069.jpg,0
DP_070.jpg,0
DP_071.jpg,5
DP_072.jpg,3
DP_073.jpg,0
DP_074.jpg,0
DP_075.jpg,1
DP_076.jpg,2
DP_077.jpg,0
DP_078.jpg,0
DP_079.jpg,1
DP_080.jpg,6
DP_081.jpg,4
DP_082.jpg,6
DP_083.jpg,0
DP_084.jpg,3
DP_085.jpg,0
DP_086.jpg,5
DP_088.jpg,3
DP_089.jpg,5
DP_090.jpg,6
DP_091.jpg,6
DP_092.jpg,5
DP_093.jpg,3
DP_094.jpg,2
DP_095.jpg,5
DP_096.jpg,1
DP_097.jpg,1
DP_098.jpg,4
DP_099.jpg,6
DP_101.jpg,0
DP_103.jpg,1
DP_104.jpg,1
DP_120.jpg,3
DP_121.jpg,2
DP_122.jpg,1
MT_002.jpg,6
MT_003.jpg,0
MT_004.jpg,6
MT_005.jpg,0
MT_007.jpg,1
MT_008.jpg,3
MT_009.jpg,0
MT_011.jpg,3
MT_012.jpg,2
MT_013.jpg,1
MT_014.jpg,6
MT_015.jpg,4
MT_016.jpg,2
MT_018.jpg,6
MT_019.jpg,1
MT_020.jpg,1
MT_022.jpg,6
MT_023.jpg,6
MT_024.jpg,1
MT_025.jpg,3
MT_026.jpg,3
MT_027.jpg,1
MT_028.jpg,4
MT_029.jpg,3
MT_030.jpg,6
MT_031.jpg,6
MT_032.jpg,2
MT_033.jpg,5
MT_034.jpg,0
MT_035.jpg,5
MT_036.jpg,6
MT_037.jpg,6
MT_038.jpg,0
MT_039.jpg,3
MT_040.jpg,3
MT_041.jpg,1
MT_042.jpg,6
MT_043.jpg,5
MT_044.jpg,3
MT_045.jpg,3
MT_046.jpg,0
MT_047.jpg,0
MT_048.jpg,0
MT_049.jpg,0
MT_050.jpg,6
MT_051.jpg,5
MT_052.jpg,0
MT_054.jpg,2
MT_055.jpg,1
MT_056.jpg,6
MT_057.jpg,3
MT_058.jpg,1
MT_059.jpg,5
MT_060.jpg,2
MT_061.jpg,5
MT_062.jpg,3
MT_064.jpg,1
MT_065.jpg,6
MT_066.jpg,6
MT_067.jpg,6
MT_068.jpg,0
MT_069.jpg,6
MT_070.jpg,0
MT_072.jpg,3
MT_073.jpg,0
MT_075.jpg,3
MT_076.jpg,0
MT_077.jpg,1
MT_078.jpg,6
MT_079.jpg,2
MT_080.jpg,0
MT_081.jpg,4
MT_082.jpg,1
MT_083.jpg,3
MT_084.jpg,5
MT_085.jpg,0
MT_086.jpg,1
MT_087.jpg,5
MT_088.jpg,2
MT_089.jpg,3
MT_091.jpg,6
MT_092.jpg,1
MT_093.jpg,4
MT_094.jpg,4
MT_095.jpg,3
MT_096.jpg,5
MT_097.jpg,3
MT_098.jpg,4
MT_099.jpg,0
MT_100.jpg,3
MT_101.jpg,1
MT_102.jpg,3
MT_103.jpg,1
MT_104.jpg,1
MT_105.jpg,0
MT_106.jpg,3
MT_107.jpg,2
MT_108.jpg,6
MT_121.jpg,4
MT_122.jpg,5
MT_123.jpg,2
SW_001.jpg,4
SW_002.jpg,3
SW_003.jpg,2
SW_004.jpg,2
SW_005.jpg,5
SW_006.jpg,5
SW_007.jpg,6
SW_008.jpg,3
SW_009.jpg,5
SW_010.jpg,2
SW_011.jpg,1
SW_012.jpg,0
SW_013.jpg,3
SW_014.jpg,0
SW_015.jpg,6
SW_016.jpg,4
SW_017.jpg,1
SW_018.jpg,0
SW_019.jpg,3
SW_020.jpg,1
SW_022.jpg,2
SW_023.jpg,6
SW_024.jpg,5
SW_025.jpg,4
SW_026.jpg,4
SW_027.jpg,0
SW_028.jpg,3
SW_029.jpg,5
SW_030.jpg,6
SW_031.jpg,2
SW_032.jpg,4
SW_033.jpg,1
SW_034.jpg,6
SW_035.jpg,0
SW_036.jpg,4
SW_038.jpg,1
SW_039.jpg,6
SW_040.jpg,3
SW_041.jpg,1
SW_042.jpg,5
SW_044.jpg,6
SW_045.jpg,1
SW_046.jpg,2
SW_047.jpg,3
SW_048.jpg,5
SW_049.jpg,0
SW_050.jpg,4
SW_051.jpg,1
SW_052.jpg,0
SW_053.jpg,6
SW_054.jpg,3
SW_055.jpg,0
SW_056.jpg,6
SW_057.jpg,6
SW_058.jpg,0
SW_059.jpg,1
SW_060.jpg,3
SW_061.jpg,0
SW_062.jpg,1
SW_064.jpg,0
SW_065.jpg,1
SW_066.jpg,0
SW_067.jpg,6
SW_068.jpg,6
SW_069.jpg,6
SW_070.jpg,6
SW_071.jpg,6
SW_072.jpg,6
SW_073.jpg,1
SW_074.jpg,5
SW_075.jpg,3
SW_076.jpg,0
SW_077.jpg,1
SW_078.jpg,1
SW_079.jpg,1
SW_080.jpg,1
SW_082.jpg,2
SW_083.jpg,0
SW_084.jpg,3
SW_085.jpg,5
SW_086.jpg,6
SW_087.jpg,4
SW_088.jpg,6
SW_089.jpg,2
SW_090.jpg,1
SW_091.jpg,0
SW_092.jpg,3
SW_093.jpg,2
SW_094.jpg,4
SW_096.jpg,6
SW_097.jpg,6
SW_098.jpg,5
SW_099.jpg,0
SW_100.jpg,3
SW_101.jpg,3
SW_102.jpg,6
SW_103.jpg,0
SW_104.jpg,0
SW_105.jpg,3
SW_106.jpg,3
SW_107.jpg,3
SW_108.jpg,1
SW_109.jpg,1
SW_110.jpg,6
SW_111.jpg,0
SW_112.jpg,3
SW_113.jpg,0
SW_114.jpg,1
SW_115.jpg,5
SW_116.jpg,1
SW_117.jpg,4
SW_118.jpg,3
SW_131.jpg,6
GE_001.jpg,2
GE_002.jpg,6
GE_005.jpg,4
GE_006.jpg,0
GE_007.jpg,4
GE_008.jpg,1
GE_009.jpg,3
GE_010.jpg,1
GE_011.jpg,0
GE_012.jpg,0
GE_013.jpg,1
GE_014.jpg,1
GE_015.jpg,5
GE_017.jpg,0
GE_019.jpg,6
GE_020.jpg,3
GE_021.jpg,3
GE_022.jpg,0
GE_023.jpg,0
GE_025.jpg,3
GE_026.jpg,3
GE_027.jpg,5
GE_028.jpg,6
GE_029.jpg,6
GE_030.jpg,3
GE_031.jpg,6
GE_032.jpg,0
GE_033.jpg,6
GE_035.jpg,2
GE_036.jpg,3
GE_037.jpg,3
GE_038.jpg,3
GE_039.jpg,0
GE_040.jpg,1
GE_041.jpg,5
GE_042.jpg,3
GE_043.jpg,0
GE_044.jpg,0
GE_045.jpg,2
GE_046.jpg,3
GE_047.jpg,1
GE_048.jpg,3
GE_049.jpg,0
GE_050.jpg,0
GE_051.jpg,3
GE_052.jpg,6
GE_054.jpg,3
GE_055.jpg,0
GE_056.jpg,6
GE_057.jpg,6
GE_058.jpg,3
GE_059.jpg,0
GE_060.jpg,5
GE_061.jpg,3
GE_062.jpg,1
GE_063.jpg,1
GE_064.jpg,3
GE_065.jpg,6
GE_066.jpg,6
GE_067.jpg,3
GE_068.jpg,0
GE_069.jpg,2
GE_070.jpg,0
GE_071.jpg,1
GE_072.jpg,0
GE_073.jpg,1
GE_074.jpg,6
GE_075.jpg,3
GE_076.jpg,5
GE_077.jpg,3
GE_078.jpg,5
GE_079.jpg,5
GE_080.jpg,3
GE_081.jpg,0
GE_082.jpg,3
GE_083.jpg,2
GE_084.jpg,0
GE_085.jpg,5
GE_086.jpg,0
GE_087.jpg,1
GE_088.jpg,0
GE_089.jpg,2
GE_090.jpg,1
GE_091.jpg,6
GE_092.jpg,1
GE_093.jpg,1
GE_094.jpg,0
GE_095.jpg,3
GE_096.jpg,0
GE_103.jpg,6
GE_106.jpg,3
MD_001.jpg,3
MD_002.jpg,6
MD_005.jpg,3
MD_006.jpg,5
MD_007.jpg,1
MD_008.jpg,3
MD_009.jpg,6
MD_010.jpg,2
MD_011.jpg,3
MD_012.jpg,3
MD_013.jpg,4
MD_014.jpg,4
MD_015.jpg,0
MD_016.jpg,6
MD_017.jpg,3
MD_018.jpg,6
MD_019.jpg,2
MD_020.jpg,3
MD_021.jpg,5
MD_022.jpg,2
MD_023.jpg,4
MD_024.jpg,1
MD_025.jpg,4
MD_026.jpg,3
MD_027.jpg,3
MD_028.jpg,4
MD_030.jpg,1
MD_031.jpg,6
MD_033.jpg,6
MD_034.jpg,3
MD_035.jpg,0
MD_036.jpg,0
MD_037.jpg,1
MD_038.jpg,0
MD_039.jpg,0
MD_040.jpg,4
MD_041.jpg,2
MD_042.jpg,1
MD_043.jpg,4
MD_044.jpg,3
MD_045.jpg,4
MD_046.jpg,1
MD_047.jpg,0
MD_048.jpg,5
MD_049.jpg,6
MD_050.jpg,0
MD_051.jpg,0
MD_052.jpg,6
MD_053.jpg,0
MD_054.jpg,1
MD_055.jpg,0
MD_056.jpg,2
MD_057.jpg,2
MD_058.jpg,6
MD_059.jpg,1
MD_060.jpg,6
MD_061.jpg,6
MD_062.jpg,0
MD_063.jpg,0
MD_064.jpg,4
MD_065.jpg,0
MD_066.jpg,5
MD_067.jpg,5
MD_068.jpg,0
MD_069.jpg,3
MD_070.jpg,4
MD_071.jpg,3
MD_072.jpg,3
MD_073.jpg,3
MD_074.jpg,0
MD_075.jpg,0
MD_077.jpg,1
MD_078.jpg,1
MD_097.jpg,0
MD_098.jpg,3
MD_099.jpg,1
MD_100.jpg,0
LA_001.jpg,6
LA_002.jpg,0
LA_003.jpg,3
LA_004.jpg,6
LA_005.jpg,5
LA_006.jpg,2
LA_007.jpg,3
LA_008.jpg,4
LA_009.jpg,3
LA_011.jpg,6
LA_012.jpg,3
LA_013.jpg,5
LA_014.jpg,0
LA_015.jpg,0
LA_016.jpg,6
LA_017.jpg,1
LA_018.jpg,5
LA_019.jpg,6
LA_020.jpg,1
LA_021.jpg,1
LA_022.jpg,3
LA_023.jpg,0
LA_024.jpg,6
LA_025.jpg,6
LA_026.jpg,6
LA_027.jpg,0
LA_029.jpg,5
LA_032.jpg,3
LA_033.jpg,0
LA_034.jpg,6
LA_035.jpg,3
LA_036.jpg,3
LA_037.jpg,0
LA_038.jpg,5
LA_040.jpg,1
LA_041.jpg,2
LA_042.jpg,6
LA_043.jpg,6
LA_044.jpg,1
LA_045.jpg,1
LA_046.jpg,5
LA_047.jpg,2
LA_048.jpg,0
LA_049.jpg,3
LA_050.jpg,3
LA_051.jpg,2
LA_052.jpg,0
LA_053.jpg,6
LA_054.jpg,6
LA_055.jpg,5
LA_056.jpg,6
LA_057.jpg,2
LA_058.jpg,3
LA_059.jpg,4
LA_060.jpg,1
LA_061.jpg,5
LA_062.jpg,4
LA_063.jpg,5
LA_067.jpg,1
LA_068.jpg,0
LA_069.jpg,3
LA_070.jpg,3
LA_071.jpg,3
LA_072.jpg,6
LA_073.jpg,0
LA_074.jpg,0
LA_075.jpg,3
LA_076.jpg,6
LA_077.jpg,6
LA_078.jpg,6
LA_079.jpg,6
LA_080.jpg,6
LA_081.jpg,6
LA_082.jpg,6
LA_085.jpg,1
LA_086.jpg,0
LA_087.jpg,3
LA_088.jpg,4
LA_089.jpg,3
LA_090.jpg,5
LA_091.jpg,0
LA_092.jpg,6
LA_093.jpg,6
LA_094.jpg,5
LA_095.jpg,5
LA_096.jpg,1
LA_097.jpg,6
LA_098.jpg,6
LA_099.jpg,5
LA_100.jpg,5
LA_101.jpg,5
LA_102.jpg,3
LA_104.jpg,1
LA_105.jpg,1
LA_106.jpg,0
LA_107.jpg,6
LA_108.jpg,1
LA_109.jpg,5
LA_110.jpg,2
LA_111.jpg,1
LA_112.jpg,6
LA_113.jpg,1
LA_114.jpg,3
LA_115.jpg,3
LA_117.jpg,5
LA_118.jpg,4
LA_119.jpg,0
LA_121.jpg,6
LA_122.jpg,3
LA_123.jpg,3
LA_124.jpg,0
LA_125.jpg,3
LA_126.jpg,5
LA_127.jpg,1
LA_128.jpg,1
LA_140.jpg,6
LA_141.jpg,5
LA_143.jpg,6
LA_144.jpg,6
LA_145.jpg,5
LA_146.jpg,6
SF_001.jpg,6
SF_003.jpg,5
SF_004.jpg,3
SF_006.jpg,4
SF_007.jpg,6
SF_008.jpg,4
SF_009.jpg,0
SF_010.jpg,1
SF_011.jpg,5
SF_012.jpg,3
SF_013.jpg,6
SF_014.jpg,1
SF_016.jpg,6
SF_017.jpg,6
SF_018.jpg,6
SF_019.jpg,3
SF_020.jpg,5
SF_021.jpg,5
SF_022.jpg,2
SF_023.jpg,6
SF_024.jpg,0
SF_025.jpg,1
SF_027.jpg,0
SF_029.jpg,1
SF_031.jpg,1
SF_032.jpg,3
SF_033.jpg,6
SF_034.jpg,6
SF_035.jpg,6
SF_036.jpg,4
SF_037.jpg,4
SF_038.jpg,0
SF_039.jpg,1
SF_040.jpg,6
SF_041.jpg,5
SF_043.jpg,4
SF_044.jpg,0
SF_045.jpg,4
SF_046.jpg,5
SF_047.jpg,5
SF_049.jpg,1
SF_050.jpg,0
SF_052.jpg,0
SF_053.jpg,0
SF_054.jpg,0
SF_055.jpg,6
SF_056.jpg,1
SF_057.jpg,1
SF_058.jpg,6
SF_059.jpg,6
SF_060.jpg,6
SF_061.jpg,3
SF_062.jpg,6
SF_063.jpg,5
SF_064.jpg,5
SF_065.jpg,3
SF_067.jpg,4
SF_068.jpg,6
SF_069.jpg,5
SF_070.jpg,4
SF_071.jpg,2
SF_072.jpg,6
SF_073.jpg,1
SF_074.jpg,3
SF_075.jpg,0
SF_077.jpg,5
SF_078.jpg,1
SF_079.jpg,1
SF_080.jpg,4
SF_081.jpg,4
SF_096.jpg,6
SF_097.jpg,2
SF_098.jpg,5
SF_099.jpg,4
SF_100.jpg,0
SF_101.jpg,2
SF_102.jpg,2
SF_103.jpg,2
SH_001.jpg,6
SH_002.jpg,6
SH_003.jpg,4
PL_001.jpg,4
PL_002.jpg,3
PL_003.jpg,2
PL_004.jpg,0
PL_008.jpg,6
PL_009.jpg,6
PL_010.jpg,6
PL_011.jpg,4
PL_012.jpg,3
PL_013.jpg,5
PL_014.jpg,1
PL_015.jpg,1
PL_016.jpg,0
PL_018.jpg,0
PL_019.jpg,6
PL_021.jpg,1
PL_022.jpg,0
PL_024.jpg,5
PL_025.jpg,6
PL_026.jpg,3
PL_027.jpg,6
PL_028.jpg,6
PL_029.jpg,3
PL_030.jpg,3
PL_031.jpg,2
PL_032.jpg,1
PL_033.jpg,0
PL_034.jpg,1
PL_035.jpg,3
PL_036.jpg,2
PL_037.jpg,3
PL_038.jpg,1
PL_039.jpg,1
PL_040.jpg,6
PL_042.jpg,1
PL_043.jpg,1
PL_044.jpg,1
PL_045.jpg,2
PL_046.jpg,5
PL_047.jpg,6
PL_048.jpg,4
PL_049.jpg,1
PL_050.jpg,2
PL_051.jpg,6
PL_052.jpg,1
PL_055.jpg,6
PL_056.jpg,2
PL_057.jpg,6
PL_058.jpg,3
PL_059.jpg,3
PL_060.jpg,5
PL_061.jpg,6
PL_063.jpg,1
PL_064.jpg,0
PL_065.jpg,3
PL_066.jpg,0
PL_067.jpg,1
PL_068.jpg,1
PL_069.jpg,0
PL_070.jpg,2
PL_071.jpg,1
PL_072.jpg,5
PL_073.jpg,0
PL_074.jpg,4
PL_075.jpg,6
PL_076.jpg,0
PL_078.jpg,1
PL_079.jpg,3
PL_080.jpg,0
PL_081.jpg,1
PL_082.jpg,4
PL_083.jpg,6
PL_084.jpg,5
PL_085.jpg,3
PL_087.jpg,3
PL_088.jpg,0
PL_089.jpg,6
PL_090.jpg,3
PL_091.jpg,5
PL_092.jpg,6
PL_093.jpg,0
PL_094.jpg,6
PL_095.jpg,0
PL_096.jpg,3
PL_097.jpg,0
PL_098.jpg,0
PL_099.jpg,2
PL_100.jpg,2
PL_101.jpg,1
PL_102.jpg,2
PL_103.jpg,1
PL_124.jpg,6
PL_125.jpg,3
PL_126.jpg,1
PL_127.jpg,1
PL_128.jpg,4
PL_129.jpg,5
PL_130.jpg,1
SH_004.jpg,1
SH_005.jpg,0
SH_006.jpg,2
RR_001.jpg,2
RR_004.jpg,3
RR_005.jpg,0
RR_006.jpg,3
RR_008.jpg,5
RR_009.jpg,4
RR_010.jpg,6
RR_011.jpg,5
RR_012.jpg,1
RR_015.jpg,1
RR_016.jpg,6
RR_018.jpg,6
RR_019.jpg,2
RR_020.jpg,6
RR_021.jpg,3
RR_022.jpg,5
RR_023.jpg,5
RR_024.jpg,1
RR_025.jpg,5
RR_026.jpg,4
RR_027.jpg,3
RR_028.jpg,6
RR_029.jpg,5
RR_030.jpg,6
RR_031.jpg,4
RR_032.jpg,5
RR_033.jpg,0
RR_034.jpg,3
RR_035.jpg,1
RR_036.jpg,3
RR_037.jpg,1
RR_038.jpg,6
RR_039.jpg,4
RR_040.jpg,6
RR_041.jpg,3
RR_042.jpg,5
RR_043.jpg,2
RR_045.jpg,1
RR_046.jpg,5
RR_047.jpg,2
RR_048.jpg,1
RR_050.jpg,3
RR_052.jpg,1
RR_053.jpg,0
RR_054.jpg,5
RR_055.jpg,5
RR_056.jpg,0
RR_059.jpg,0
RR_060.jpg,2
RR_062.jpg,5
RR_063.jpg,2
RR_064.jpg,5
RR_066.jpg,1
RR_067.jpg,0
RR_068.jpg,6
RR_069.jpg,0
RR_070.jpg,0
RR_071.jpg,6
RR_072.jpg,6
RR_073.jpg,6
RR_074.jpg,6
RR_076.jpg,3
RR_077.jpg,3
RR_078.jpg,1
RR_079.jpg,3
RR_080.jpg,3
RR_081.jpg,0
RR_082.jpg,3
RR_083.jpg,3
RR_084.jpg,5
RR_085.jpg,1
RR_086.jpg,1
RR_087.jpg,6
RR_103.jpg,6
RR_104.jpg,3
RR_105.jpg,0
RR_106.jpg,6
RR_107.jpg,5
RR_108.jpg,2
RR_109.jpg,4
RR_110.jpg,6
RR_111.jpg,0
RR_112.jpg,4
RR_113.jpg,4
RR_114.jpg,4
RT_001.jpg,4
RT_002.jpg,4
RT_003.jpg,4
RT_004.jpg,4
RT_005.jpg,4
SV_002.jpg,2
SV_003.jpg,6
SV_004.jpg,4
SV_005.jpg,0
SV_006.jpg,2
SV_008.jpg,0
SV_009.jpg,0
SV_010.jpg,5
SV_011.jpg,0
SV_012.jpg,3
SV_013.jpg,1
SV_014.jpg,1
SV_015.jpg,2
SV_016.jpg,3
SV_017.jpg,1
SV_018.jpg,2
SV_019.jpg,2
SV_020.jpg,2
SV_021.jpg,6
SV_022.jpg,6
SV_024.jpg,3
SV_025.jpg,0
SV_026.jpg,6
SV_027.jpg,3
SV_028.jpg,0
SV_030.jpg,0
SV_031.jpg,5
SV_032.jpg,6
SV_034.jpg,6
SV_035.jpg,3
SV_036.jpg,2
SV_037.jpg,6
SV_038.jpg,1
SV_039.jpg,5
SV_040.jpg,6
SV_042.jpg,5
SV_043.jpg,3
SV_044.jpg,1
SV_045.jpg,6
SV_046.jpg,0
SV_047.jpg,3
SV_048.jpg,4
SV_049.jpg,0
SV_050.jpg,2
SV_051.jpg,0
SV_052.jpg,5
SV_053.jpg,1
SV_054.jpg,0
SV_055.jpg,1
SV_056.jpg,0
SV_057.jpg,6
SV_058.jpg,3
SV_059.jpg,0
SV_060.jpg,0
SV_061.jpg,5
SV_062.jpg,1
SV_063.jpg,0
SV_064.jpg,0
SV_065.jpg,2
SV_066.jpg,4
SV_067.jpg,3
SV_068.jpg,1
SV_070.jpg,3
SV_071.jpg,4
SV_073.jpg,1
SV_074.jpg,2
SV_075.jpg,1
SV_076.jpg,4
SV_077.jpg,4
SV_078.jpg,0
SV_079.jpg,5
SV_080.jpg,5
SV_081.jpg,1
SV_082.jpg,4
SV_084.jpg,6
SV_085.jpg,0
SV_086.jpg,0
SV_087.jpg,3
SV_088.jpg,1
SV_089.jpg,6
SV_091.jpg,0
SV_092.jpg,3
SV_093.jpg,1
SV_094.jpg,0
SV_095.jpg,0
SV_096.jpg,1
SV_097.jpg,2
SV_098.jpg,6
SV_099.jpg,1
SV_100.jpg,3
SV_101.jpg,6
SV_102.jpg,0
SV_103.jpg,6
SV_104.jpg,3
SV_105.jpg,5
SV_106.jpg,0
SV_107.jpg,3
SV_108.jpg,2
SV_109.jpg,1
SV_110.jpg,3
SV_111.jpg,4
SV_112.jpg,5
SV_113.jpg,6
SV_114.jpg,0
SV_115.jpg,6
SV_116.jpg,3
SV_117.jpg,1
SV_118.jpg,4
SV_119.jpg,1
SV_120.jpg,4
SV_121.jpg,3
SV_122.jpg,5
SV_123.jpg,1
SV_124.jpg,5
SV_125.jpg,3
SV_126.jpg,4
SV_127.jpg,1
SV_128.jpg,6
SV_129.jpg,0
SV_130.jpg,1
SV_131.jpg,1
SV_132.jpg,0
SV_133.jpg,6
SV_142.jpg,2
SV_143.jpg,2
SV_144.jpg,4
SV_145.jpg,0
SV_146.jpg,0
SV_147.jpg,0
SV_148.jpg,3
SV_149.jpg,2
SV_150.jpg,4
SH_007.jpg,3
SH_008.jpg,5
SH_009.jpg,1
AR_001.jpg,2
AR_002.jpg,3
AR_003.jpg,2
AR_004.jpg,5
AR_005.jpg,4
AR_006.jpg,1
AR_008.jpg,0
AR_009.jpg,6
AR_010.jpg,1
AR_011.jpg,5
AR_012.jpg,4
AR_013.jpg,5
AR_015.jpg,1
AR_016.jpg,6
AR_017.jpg,6
AR_018.jpg,3
AR_019.jpg,5
AR_020.jpg,5
AR_021.jpg,0
AR_022.jpg,4
AR_023.jpg,3
AR_024.jpg,3
AR_025.jpg,4
AR_026.jpg,0
AR_027.jpg,4
AR_028.jpg,2
AR_029.jpg,0
AR_030.jpg,1
AR_031.jpg,1
AR_035.jpg,2
AR_036.jpg,6
AR_037.jpg,5
AR_038.jpg,1
AR_039.jpg,1
AR_040.jpg,6
AR_041.jpg,6
AR_042.jpg,6
AR_043.jpg,4
AR_044.jpg,4
AR_045.jpg,3
AR_046.jpg,2
AR_047.jpg,2
AR_048.jpg,0
AR_049.jpg,1
AR_050.jpg,5
AR_052.jpg,0
AR_053.jpg,1
AR_055.jpg,0
AR_056.jpg,1
AR_057.jpg,1
AR_058.jpg,1
AR_059.jpg,2
AR_060.jpg,1
AR_061.jpg,5
AR_062.jpg,4
AR_063.jpg,4
AR_064.jpg,6
AR_065.jpg,5
AR_066.jpg,6
AR_067.jpg,5
AR_068.jpg,5
AR_069.jpg,5
AR_070.jpg,3
AR_071.jpg,4
AR_072.jpg,2
AR_073.jpg,0
AR_074.jpg,4
AR_075.jpg,3
AR_076.jpg,1
AR_077.jpg,1
AR_078.jpg,1
AR_079.jpg,1
AR_080.jpg,3
AR_081.jpg,3
AR_094.jpg,0
AR_095.jpg,0
AR_096.jpg,0
AR_097.jpg,6
AR_098.jpg,0
AR_099.jpg,1
SH_010.jpg,0
SH_011.jpg,2
SH_012.jpg,4
AR_101.jpg,1
AR_102.jpg,2
AR_103.jpg,3
AR_104.jpg,0
AR_105.jpg,4
AR_106.jpg,6
AR_107.jpg,5
HS_001.jpg,2
HS_002.jpg,3
HS_003.jpg,0
HS_004.jpg,3
HS_005.jpg,5
HS_006.jpg,1
HS_007.jpg,2
HS_008.jpg,0
HS_009.jpg,3
HS_010.jpg,4
HS_011.jpg,1
HS_012.jpg,6
HS_013.jpg,6
HS_014.jpg,4
HS_015.jpg,1
HS_016.jpg,1
HS_017.jpg,0
HS_018.jpg,6
HS_019.jpg,0
HS_020.jpg,3
HS_021.jpg,0
HS_022.jpg,0
HS_023.jpg,6
HS_024.jpg,3
HS_025.jpg,1
HS_026.jpg,1
HS_027.jpg,0
HS_028.jpg,4
HS_029.jpg,5
HS_030.jpg,6
HS_031.jpg,1
HS_032.jpg,2
HS_033.jpg,5
HS_034.jpg,6
HS_035.jpg,1
HS_036.jpg,0
HS_037.jpg,3
HS_038.jpg,3
HS_039.jpg,3
HS_040.jpg,5
HS_041.jpg,0
HS_042.jpg,4
HS_043.jpg,1
HS_044.jpg,0
HS_045.jpg,3
HS_046.jpg,1
HS_047.jpg,0
HS_048.jpg,1
HS_049.jpg,2
HS_050.jpg,3
HS_051.jpg,1
HS_052.jpg,3
HS_053.jpg,3
HS_054.jpg,6
HS_055.jpg,6
HS_056.jpg,0
HS_057.jpg,1
HS_058.jpg,0
HS_059.jpg,1
HS_060.jpg,0
HS_061.jpg,2
HS_062.jpg,6
HS_063.jpg,6
HS_064.jpg,0
HS_065.jpg,2
HS_066.jpg,0
HS_067.jpg,1
HS_068.jpg,0
HS_069.jpg,6
HS_070.jpg,6
HS_071.jpg,1
HS_072.jpg,3
HS_073.jpg,4
HS_074.jpg,3
HS_075.jpg,0
HS_076.jpg,1
HS_077.jpg,5
HS_078.jpg,4
HS_079.jpg,5
HS_080.jpg,0
HS_081.jpg,3
HS_082.jpg,0
HS_083.jpg,1
HS_084.jpg,3
HS_085.jpg,1
HS_086.jpg,3
HS_087.jpg,2
HS_088.jpg,3
HS_105.jpg,4
HS_106.jpg,0
HS_107.jpg,5
HS_108.jpg,3
HS_109.jpg,1
HS_110.jpg,2
HS_123.jpg,3
UL_001.jpg,6
UL_002.jpg,2
UL_003.jpg,3
UL_004.jpg,6
UL_005.jpg,6
UL_006.jpg,3
UL_007.jpg,3
UL_008.jpg,1
UL_009.jpg,5
UL_010.jpg,1
UL_011.jpg,6
UL_012.jpg,1
UL_013.jpg,3
UL_014.jpg,6
UL_015.jpg,0
UL_016.jpg,3
UL_017.jpg,3
UL_018.jpg,4
UL_019.jpg,5
UL_020.jpg,2
UL_021.jpg,3
UL_022.jpg,5
UL_023.jpg,1
UL_025.jpg,2
UL_027.jpg,0
UL_028.jpg,1
UL_029.jpg,0
UL_030.jpg,6
UL_031.jpg,1
UL_032.jpg,1
UL_033.jpg,6
UL_034.jpg,4
UL_035.jpg,2
UL_036.jpg,4
UL_037.jpg,3
UL_038.jpg,5
UL_039.jpg,5
UL_040.jpg,3
UL_041.jpg,0
UL_042.jpg,3
UL_043.jpg,0
UL_044.jpg,6
UL_045.jpg,3
UL_046.jpg,1
UL_047.jpg,1
UL_048.jpg,4
UL_049.jpg,3
UL_050.jpg,5
UL_051.jpg,5
UL_052.jpg,2
UL_053.jpg,5
UL_054.jpg,6
UL_055.jpg,6
UL_056.jpg,5
UL_057.jpg,5
UL_058.jpg,3
UL_059.jpg,3
UL_060.jpg,5
UL_061.jpg,1
UL_062.jpg,0
UL_063.jpg,3
UL_064.jpg,0
UL_065.jpg,0
UL_066.jpg,1
UL_067.jpg,1
UL_068.jpg,2
UL_069.jpg,1
UL_070.jpg,6
UL_084.jpg,6
UL_085.jpg,3
UL_086.jpg,4
UL_089.jpg,0
UD_001.jpg,1
UD_002.jpg,6
UD_004.jpg,5
UD_006.jpg,2
UD_008.jpg,0
UD_009.jpg,0
UD_011.jpg,0
UD_012.jpg,6
UD_014.jpg,5
UD_017.jpg,1
UD_019.jpg,6
UD_020.jpg,4
UD_022.jpg,1
UD_023.jpg,1
UD_024.jpg,1
UD_026.jpg,2
UD_027.jpg,1
UD_028.jpg,4
UD_031.jpg,6
UD_032.jpg,1
UD_033.jpg,4
UD_034.jpg,0
UD_036.jpg,1
UD_038.jpg,3
UD_039.jpg,0
UD_040.jpg,6
UD_041.jpg,3
UD_044.jpg,1
UD_045.jpg,0
UD_046.jpg,6
UD_047.jpg,0
UD_048.jpg,0
UD_049.jpg,5
UD_050.jpg,6
UD_051.jpg,5
UD_052.jpg,5
UD_055.jpg,5
UD_057.jpg,6
UD_060.jpg,1
UD_061.jpg,4
UD_062.jpg,1
UD_063.jpg,1
UD_064.jpg,0
UD_065.jpg,1
UD_066.jpg,3
UD_067.jpg,2
UD_070.jpg,0
UD_081.jpg,6
UD_083.jpg,4
UD_085.jpg,6
TM_002.jpg,0
TM_003.jpg,6
TM_005.jpg,3
TM_006.jpg,5
TM_007.jpg,0
TM_008.jpg,2
TM_009.jpg,5
TM_010.jpg,6
TM_011.jpg,1
TM_012.jpg,1
TM_013.jpg,0
TM_014.jpg,6
TM_016.jpg,1
TM_017.jpg,0
TM_018.jpg,0
TM_019.jpg,5
TM_020.jpg,4
TM_021.jpg,4
TM_022.jpg,3
TM_023.jpg,6
TM_024.jpg,1
TM_025.jpg,5
TM_026.jpg,5
TM_027.jpg,2
TM_028.jpg,6
TM_029.jpg,0
TM_031.jpg,3
TM_032.jpg,0
TM_033.jpg,4
TM_034.jpg,4
TM_035.jpg,6
TM_036.jpg,0
TM_038.jpg,0
TM_039.jpg,3
TM_040.jpg,5
TM_041.jpg,2
TM_042.jpg,2
TM_043.jpg,4
TM_044.jpg,5
TM_045.jpg,6
TM_046.jpg,6
TM_047.jpg,0
TM_048.jpg,3
TM_049.jpg,0
TM_050.jpg,3
TM_051.jpg,6
TM_052.jpg,3
TM_053.jpg,1
TM_054.jpg,1
TM_055.jpg,0
TM_057.jpg,1
TM_060.jpg,5
TM_061.jpg,5
TM_062.jpg,0
TM_063.jpg,6
TM_064.jpg,1
TM_065.jpg,1
TM_066.jpg,0
TM_067.jpg,5
TM_068.jpg,4
TM_069.jpg,6
TM_070.jpg,6
TM_071.jpg,0
TM_072.jpg,2
TM_073.jpg,0
TM_074.jpg,3
TM_075.jpg,6
TM_076.jpg,6
TM_077.jpg,6
TM_078.jpg,0
TM_079.jpg,3
TM_080.jpg,3
TM_081.jpg,1
TM_082.jpg,1
TM_083.jpg,4
TM_084.jpg,1
TM_092.jpg,1
TM_093.jpg,4
TM_094.jpg,6
TM_095.jpg,5
TM_096.jpg,4
TM_097.jpg,6
TM_098.jpg,1
CL_001.jpg,0
CL_002.jpg,6
CL_004.jpg,6
CL_006.jpg,5
CL_007.jpg,3
CL_008.jpg,5
CL_009.jpg,2
CL_011.jpg,6
CL_012.jpg,3
CL_013.jpg,1
CL_014.jpg,5
CL_015.jpg,3
CL_016.jpg,2
CL_017.jpg,2
CL_018.jpg,4
CL_019.jpg,3
CL_020.jpg,0
CL_021.jpg,0
CL_023.jpg,4
CL_024.jpg,0
CL_025.jpg,3
CL_026.jpg,0
CL_027.jpg,1
CL_028.jpg,6
CL_029.jpg,6
CL_030.jpg,0
CL_032.jpg,6
CL_033.jpg,0
CL_034.jpg,1
CL_035.jpg,2
CL_036.jpg,5
CL_037.jpg,0
CL_038.jpg,6
CL_039.jpg,0
CL_040.jpg,1
CL_041.jpg,3
CL_042.jpg,5
CL_043.jpg,4
CL_044.jpg,2
CL_045.jpg,4
CL_046.jpg,2
CL_047.jpg,6
CL_048.jpg,0
CL_049.jpg,2
CL_050.jpg,5
CL_051.jpg,6
CL_052.jpg,3
CL_053.jpg,1
CL_054.jpg,0
CL_055.jpg,2
CL_056.jpg,0
CL_057.jpg,5
CL_058.jpg,5
CL_060.jpg,6
CL_061.jpg,3
CL_062.jpg,2
CL_063.jpg,4
CL_065.jpg,6
CL_066.jpg,5
CL_067.jpg,0
CL_068.jpg,1
CL_069.jpg,3
CL_070.jpg,3
CL_071.jpg,0
CL_072.jpg,1
CL_073.jpg,0
CL_074.jpg,3
CL_075.jpg,2
CL_096.jpg,6
CL_098.jpg,2
CL_099.jpg,5
CL_100.jpg,2
CL_101.jpg,3
CL_102.jpg,3
CL_103.jpg,3
CL_104.jpg,4
CL_105.jpg,0
CL_106.jpg,3
BLW_001.jpg,1
BLW_002.jpg,1
BLW_003.jpg,1
BLW_004.jpg,1
BLW_005.jpg,1
BLW_006.jpg,1
BLW_007.jpg,1
BLW_008.jpg,1
BLW_009.jpg,1
BLW_010.jpg,1
BLW_011.jpg,1
BLW_012.jpg,1
BLW_013.jpg,1
BLW_014.jpg,1
BLW_015.jpg,2
BLW_016.jpg,2
BLW_017.jpg,2
BLW_018.jpg,2
BLW_019.jpg,2
BLW_020.jpg,2
BLW_021.jpg,2
BLW_022.jpg,2
BLW_023.jpg,2
BLW_024.jpg,2
BLW_025.jpg,2
BLW_026.jpg,2
BLW_027.jpg,3
BLW_028.jpg,3
BLW_029.jpg,3
BLW_030.jpg,3
BLW_031.jpg,3
BLW_032.jpg,3
BLW_033.jpg,3
BLW_034.jpg,3
BLW_035.jpg,3
BLW_036.jpg,3
BLW_037.jpg,3
BLW_038.jpg,3
BLW_039.jpg,3
BLW_040.jpg,4
BLW_041.jpg,4
BLW_042.jpg,4
BLW_043.jpg,4
BLW_044.jpg,4
BLW_045.jpg,4
BLW_046.jpg,4
BLW_047.jpg,4
BLW_048.jpg,6
BLW_049.jpg,6
BLW_050.jpg,6
BLW_051.jpg,6
BLW_052.jpg,6
BLW_053.jpg,6
BLW_054.jpg,6
BLW_055.jpg,6
BLW_056.jpg,6
BLW_057.jpg,6
BLW_058.jpg,5
BLW_059.jpg,5
BLW_060.jpg,5
BLW_061.jpg,5
BLW_062.jpg,5
BLW_063.jpg,5
BLW_064.jpg,5
BLW_065.jpg,5
BLW_077.jpg,0
BLW_078.jpg,0
BLW_079.jpg,0
BLW_080.jpg,0
BLW_081.jpg,0
BLW_082.jpg,0
BLW_083.jpg,0
BLW_084.jpg,0
BLW_085.jpg,0
BLW_086.jpg,0
BLW_087.jpg,0
BLW_088.jpg,0
BLW_089.jpg,0
BLW_090.jpg,0
BLW_091.jpg,0
BLW_113.jpg,2
BLW_114.jpg,4
BLW_115.jpg,4
EPO_001.jpg,1
EPO_002.jpg,1
EPO_003.jpg,1
EPO_004.jpg,1
EPO_005.jpg,1
EPO_006.jpg,1
EPO_007.jpg,1
EPO_008.jpg,1
EPO_009.jpg,1
EPO_010.jpg,1
EPO_011.jpg,1
EPO_012.jpg,1
EPO_013.jpg,1
EPO_014.jpg,1
EPO_015.jpg,1
EPO_016.jpg,1
EPO_017.jpg,1
EPO_018.jpg,2
EPO_019.jpg,2
EPO_020.jpg,2
EPO_021.jpg,2
EPO_022.jpg,3
EPO_023.jpg,3
EPO_024.jpg,3
EPO_025.jpg,3
EPO_026.jpg,3
EPO_027.jpg,3
EPO_028.jpg,3
EPO_029.jpg,3
EPO_030.jpg,3
EPO_031.jpg,3
EPO_032.jpg,4
EPO_033.jpg,4
EPO_034.jpg,4
EPO_035.jpg,4
EPO_036.jpg,6
EPO_037.jpg,6
EPO_038.jpg,6
EPO_039.jpg,6
EPO_040.jpg,6
EPO_041.jpg,6
EPO_042.jpg,6
EPO_043.jpg,6
EPO_044.jpg,6
EPO_045.jpg,6
EPO_046.jpg,6
EPO_047.jpg,6
EPO_048.jpg,6
EPO_049.jpg,5
EPO_050.jpg,5
EPO_051.jpg,5
EPO_052.jpg,5
EPO_053.jpg,5
EPO_054.jpg,5
EPO_055.jpg,5
EPO_056.jpg,5
EPO_057.jpg,5
EPO_058.jpg,5
EPO_059.jpg,5
EPO_060.jpg,5
EPO_061.jpg,5
EPO_062.jpg,5
EPO_063.jpg,5
EPO_078.jpg,0
EPO_079.jpg,0
EPO_080.jpg,0
EPO_081.jpg,0
EPO_082.jpg,0
EPO_083.jpg,0
EPO_084.jpg,0
EPO_085.jpg,0
EPO_086.jpg,0
EPO_087.jpg,0
EPO_088.jpg,0
EPO_089.jpg,0
EPO_097.jpg,4
EPO_098.jpg,0
NVI_001.jpg,1
NVI_002.jpg,1
NVI_003.jpg,1
NVI_004.jpg,1
NVI_005.jpg,1
NVI_006.jpg,1
NVI_007.jpg,1
NVI_008.jpg,1
NVI_009.jpg,1
NVI_010.jpg,1
NVI_011.jpg,1
NVI_012.jpg,1
NVI_013.jpg,1
NVI_014.jpg,2
NVI_015.jpg,2
NVI_016.jpg,2
NVI_017.jpg,2
NVI_018.jpg,2
NVI_019.jpg,2
NVI_020.jpg,2
NVI_021.jpg,2
NVI_022.jpg,3
NVI_023.jpg,3
NVI_024.jpg,3
NVI_025.jpg,3
NVI_026.jpg,3
NVI_027.jpg,3
NVI_028.jpg,3
NVI_029.jpg,3
NVI_030.jpg,3
NVI_031.jpg,3
NVI_032.jpg,3
NVI_033.jpg,3
NVI_034.jpg,3
NVI_035.jpg,4
NVI_036.jpg,4
NVI_037.jpg,4
NVI_038.jpg,4
NVI_039.jpg,4
NVI_040.jpg,4
NVI_041.jpg,4
NVI_042.jpg,4
NVI_043.jpg,6
NVI_044.jpg,6
NVI_045.jpg,6
NVI_046.jpg,6
NVI_047.jpg,6
NVI_048.jpg,6
NVI_049.jpg,6
NVI_050.jpg,6
NVI_051.jpg,6
NVI_052.jpg,6
NVI_053.jpg,6
NVI_054.jpg,6
NVI_055.jpg,6
NVI_056.jpg,6
NVI_057.jpg,6
NVI_058.jpg,6
NVI_059.jpg,6
NVI_060.jpg,6
NVI_061.jpg,5
NVI_062.jpg,5
NVI_063.jpg,5
NVI_064.jpg,5
NVI_065.jpg,5
NVI_066.jpg,5
NVI_067.jpg,5
NVI_068.jpg,5
NVI_069.jpg,5
NVI_070.jpg,5
NVI_071.jpg,5
NVI_072.jpg,5
NVI_073.jpg,5
NVI_074.jpg,5
NVI_085.jpg,0
NVI_086.jpg,0
NVI_087.jpg,0
NVI_088.jpg,0
NVI_089.jpg,0
NVI_097.jpg,1
NVI_098.jpg,2
NVI_099.jpg,5
NVI_102.jpg,0
NXD_001.jpg,1
NXD_002.jpg,1
NXD_003.jpg,1
NXD_004.jpg,1
NXD_005.jpg,1
NXD_006.jpg,1
NXD_007.jpg,1
NXD_008.jpg,1
NXD_009.jpg,1
NXD_010.jpg,2
NXD_011.jpg,2
NXD_012.jpg,2
NXD_013.jpg,2
NXD_014.jpg,2
NXD_015.jpg,2
NXD_016.jpg,2
NXD_017.jpg,2
NXD_018.jpg,2
NXD_019.jpg,2
NXD_020.jpg,2
NXD_021.jpg,2
NXD_022.jpg,2
NXD_023.jpg,3
NXD_024.jpg,3
NXD_025.jpg,3
NXD_026.jpg,3
NXD_027.jpg,3
NXD_028.jpg,3
NXD_029.jpg,3
NXD_030.jpg,3
NXD_031.jpg,3
NXD_032.jpg,3
NXD_033.jpg,3
NXD_034.jpg,3
NXD_035.jpg,3
NXD_036.jpg,3
NXD_037.jpg,3
NXD_038.jpg,3
NXD_039.jpg,4
NXD_040.jpg,4
NXD_041.jpg,4
NXD_042.jpg,4
NXD_043.jpg,4
NXD_044.jpg,4
NXD_045.jpg,4
NXD_046.jpg,4
NXD_047.jpg,4
NXD_048.jpg,4
NXD_049.jpg,4
NXD_050.jpg,4
NXD_051.jpg,4
NXD_052.jpg,6
NXD_053.jpg,6
NXD_054.jpg,6
NXD_055.jpg,6
NXD_056.jpg,6
NXD_057.jpg,6
NXD_058.jpg,6
NXD_059.jpg,6
NXD_060.jpg,6
NXD_061.jpg,6
NXD_062.jpg,6
NXD_063.jpg,5
NXD_064.jpg,5
NXD_065.jpg,5
NXD_066.jpg,5
NXD_067.jpg,5
NXD_068.jpg,5
NXD_078.jpg,0
NXD_079.jpg,0
NXD_080.jpg,0
NXD_081.jpg,0
NXD_082.jpg,0
NXD_083.jpg,0
NXD_084.jpg,0
NXD_085.jpg,0
NXD_094.jpg,1
NXD_095.jpg,2
NXD_096.jpg,3
NXD_097.jpg,4
NXD_098.jpg,6
NXD_099.jpg,0
NXD_100.jpg,2
NXD_101.jpg,6
DEX_001.jpg,1
DEX_002.jpg,1
DEX_003.jpg,1
DEX_004.jpg,1
DEX_005.jpg,1
DEX_006.jpg,1
DEX_007.jpg,1
DEX_008.jpg,1
DEX_009.jpg,1
DEX_010.jpg,1
DEX_011.jpg,1
DEX_012.jpg,2
DEX_013.jpg,2
DEX_014.jpg,2
DEX_015.jpg,2
DEX_016.jpg,2
DEX_017.jpg,2
DEX_018.jpg,2
DEX_019.jpg,2
DEX_020.jpg,2
DEX_021.jpg,2
DEX_022.jpg,2
DEX_023.jpg,3
DEX_024.jpg,3
DEX_025.jpg,3
DEX_026.jpg,3
DEX_027.jpg,3
DEX_028.jpg,3
DEX_029.jpg,3
DEX_030.jpg,3
DEX_031.jpg,3
DEX_032.jpg,3
DEX_033.jpg,3
DEX_034.jpg,3
DEX_035.jpg,3
DEX_036.jpg,3
DEX_037.jpg,4
DEX_038.jpg,4
DEX_039.jpg,4
DEX_040.jpg,4
DEX_041.jpg,4
DEX_042.jpg,4
DEX_043.jpg,4
DEX_044.jpg,4
DEX_045.jpg,4
DEX_046.jpg,4
DEX_047.jpg,4
DEX_048.jpg,6
DEX_049.jpg,6
DEX_050.jpg,6
DEX_051.jpg,6
DEX_052.jpg,6
DEX_053.jpg,5
DEX_054.jpg,5
DEX_055.jpg,5
DEX_056.jpg,5
DEX_057.jpg,5
DEX_058.jpg,5
DEX_059.jpg,5
DEX_080.jpg,0
DEX_081.jpg,0
DEX_082.jpg,0
DEX_083.jpg,0
DEX_084.jpg,0
DEX_085.jpg,0
DEX_086.jpg,0
DEX_087.jpg,0
DEX_088.jpg,0
DEX_089.jpg,0
DEX_090.jpg,0
DEX_103.jpg,2
DEX_104.jpg,3
DEX_105.jpg,4
DEX_106.jpg,5
DEX_108.jpg,0
DEX_109.jpg,6
DEX_110.jpg,5
DRX_001.jpg,1
DRX_002.jpg,1
DRX_003.jpg,1
DRX_004.jpg,1
DRX_005.jpg,1
DRX_006.jpg,1
DRX_007.jpg,1
DRX_008.jpg,1
DRX_009.jpg,1
DRX_010.jpg,1
DRX_011.jpg,1
DRX_012.jpg,1
DRX_013.jpg,1
DRX_014.jpg,1
DRX_015.jpg,1
DRX_016.jpg,1
DRX_017.jpg,1
DRX_018.jpg,2
DRX_019.jpg,2
DRX_020.jpg,2
DRX_021.jpg,2
DRX_022.jpg,2
DRX_023.jpg,3
DRX_024.jpg,3
DRX_025.jpg,3
DRX_026.jpg,3
DRX_027.jpg,3
DRX_028.jpg,3
DRX_029.jpg,3
DRX_030.jpg,3
DRX_031.jpg,3
DRX_032.jpg,3
DRX_033.jpg,3
DRX_034.jpg,3
DRX_035.jpg,3
DRX_036.jpg,3
DRX_037.jpg,3
DRX_038.jpg,4
DRX_039.jpg,4
DRX_040.jpg,4
DRX_041.jpg,4
DRX_042.jpg,4
DRX_043.jpg,4
DRX_044.jpg,4
DRX_045.jpg,4
DRX_046.jpg,6
DRX_047.jpg,6
DRX_048.jpg,6
DRX_049.jpg,6
DRX_050.jpg,6
DRX_051.jpg,6
DRX_052.jpg,6
DRX_053.jpg,6
DRX_054.jpg,6
DRX_055.jpg,6
DRX_056.jpg,6
DRX_057.jpg,6
DRX_058.jpg,6
DRX_059.jpg,6
DRX_060.jpg,5
DRX_061.jpg,5
DRX_062.jpg,5
DRX_063.jpg,5
DRX_064.jpg,5
DRX_065.jpg,5
DRX_066.jpg,5
DRX_067.jpg,5
DRX_068.jpg,5
DRX_069.jpg,5
DRX_070.jpg,5
DRX_071.jpg,5
DRX_099.jpg,0
DRX_100.jpg,0
DRX_101.jpg,0
DRX_102.jpg,0
DRX_103.jpg,0
DRX_104.jpg,0
DRX_105.jpg,0
DRX_106.jpg,0
DRX_107.jpg,0
DRX_108.jpg,0
DRX_109.jpg,0
DRX_110.jpg,0
DRX_111.jpg,0
DRX_112.jpg,0
DRX_119.jpg,2
DRX_120.jpg,6
DRX_121.jpg,5
DRX_125.jpg,1
DRX_126.jpg,6
BCR_001.jpg,1
BCR_002.jpg,1
BCR_003.jpg,1
BCR_004.jpg,1
BCR_005.jpg,1
BCR_006.jpg,1
BCR_007.jpg,1
BCR_008.jpg,1
BCR_009.jpg,1
BCR_010.jpg,1
BCR_011.jpg,1
BCR_012.jpg,1
BCR_013.jpg,1
BCR_014.jpg,1
BCR_015.jpg,1
BCR_016.jpg,1
BCR_017.jpg,1
BCR_018.jpg,2
BCR_019.jpg,2
BCR_020.jpg,2
BCR_021.jpg,2
BCR_022.jpg,2
BCR_023.jpg,2
BCR_024.jpg,2
BCR_025.jpg,2
BCR_026.jpg,2
BCR_027.jpg,2
BCR_028.jpg,2
BCR_029.jpg,3
BCR_030.jpg,3
BCR_031.jpg,3
BCR_032.jpg,3
BCR_033.jpg,3
BCR_034.jpg,3
BCR_035.jpg,3
BCR_036.jpg,3
BCR_037.jpg,3
BCR_038.jpg,3
BCR_039.jpg,3
BCR_040.jpg,3
BCR_041.jpg,3
BCR_042.jpg,3
BCR_043.jpg,3
BCR_044.jpg,3
BCR_045.jpg,3
BCR_046.jpg,3
BCR_047.jpg,3
BCR_048.jpg,3
BCR_049.jpg,3
BCR_050.jpg,4
BCR_051.jpg,4
BCR_052.jpg,4
BCR_053.jpg,4
BCR_054.jpg,4
BCR_055.jpg,4
BCR_056.jpg,4
BCR_057.jpg,4
BCR_058.jpg,6
BCR_059.jpg,6
BCR_060.jpg,6
BCR_061.jpg,6
BCR_062.jpg,6
BCR_063.jpg,6
BCR_064.jpg,6
BCR_065.jpg,6
BCR_066.jpg,6
BCR_067.jpg,6
BCR_068.jpg,6
BCR_069.jpg,6
BCR_070.jpg,6
BCR_071.jpg,6
BCR_072.jpg,6
BCR_073.jpg,6
BCR_074.jpg,6
BCR_075.jpg,6
BCR_076.jpg,6
BCR_077.jpg,6
BCR_078.jpg,5
BCR_079.jpg,5
BCR_080.jpg,5
BCR_081.jpg,5
BCR_082.jpg,5
BCR_083.jpg,5
BCR_084.jpg,5
BCR_085.jpg,5
BCR_086.jpg,5
BCR_087.jpg,5
BCR_088.jpg,5
BCR_089.jpg,5
BCR_104.jpg,0
BCR_105.jpg,0
BCR_106.jpg,0
BCR_107.jpg,0
BCR_108.jpg,0
BCR_109.jpg,0
BCR_110.jpg,0
BCR_111.jpg,0
BCR_112.jpg,0
BCR_113.jpg,0
BCR_114.jpg,0
BCR_115.jpg,0
BCR_116.jpg,0
BCR_117.jpg,0
BCR_118.jpg,0
BCR_119.jpg,0
BCR_120.jpg,0
BCR_121.jpg,0
BCR_122.jpg,0
BCR_123.jpg,0
BCR_124.jpg,0
BCR_125.jpg,0
BCR_126.jpg,0
BCR_141.jpg,1
BCR_142.jpg,3
BCR_143.jpg,6
BCR_144.jpg,5
BCR_150.jpg,6
BCR_151.jpg,5
PLS_001.jpg,1
PLS_002.jpg,1
PLS_003.jpg,1
PLS_004.jpg,1
PLS_005.jpg,1
PLS_006.jpg,1
PLS_007.jpg,1
PLS_008.jpg,1
PLS_009.jpg,1
PLS_010.jpg,1
PLS_011.jpg,1
PLS_012.jpg,1
PLS_013.jpg,1
PLS_014.jpg,2
PLS_015.jpg,2
PLS_016.jpg,2
PLS_017.jpg,2
PLS_018.jpg,2
PLS_019.jpg,2
PLS_020.jpg,2
PLS_021.jpg,2
PLS_022.jpg,2
PLS_023.jpg,2
PLS_024.jpg,3
PLS_025.jpg,3
PLS_026.jpg,3
PLS_027.jpg,3
PLS_028.jpg,3
PLS_029.jpg,3
PLS_030.jpg,3
PLS_031.jpg,3
PLS_032.jpg,3
PLS_033.jpg,3
PLS_034.jpg,3
PLS_035.jpg,3
PLS_036.jpg,3
PLS_037.jpg,3
PLS_038.jpg,3
PLS_039.jpg,3
PLS_040.jpg,3
PLS_041.jpg,3
PLS_042.jpg,4
PLS_043.jpg,4
PLS_044.jpg,4
PLS_045.jpg,4
PLS_046.jpg,4
PLS_047.jpg,4
PLS_048.jpg,4
PLS_049.jpg,4
PLS_050.jpg,4
PLS_051.jpg,4
PLS_052.jpg,6
PLS_053.jpg,6
PLS_054.jpg,6
PLS_055.jpg,6
PLS_056.jpg,6
PLS_057.jpg,6
PLS_058.jpg,6
PLS_059.jpg,6
PLS_060.jpg,6
PLS_061.jpg,6
PLS_062.jpg,6
PLS_063.jpg,6
PLS_064.jpg,6
PLS_065.jpg,6
PLS_066.jpg,6
PLS_067.jpg,6
PLS_068.jpg,6
PLS_069.jpg,6
PLS_070.jpg,6
PLS_071.jpg,5
PLS_072.jpg,5
PLS_073.jpg,5
PLS_074.jpg,5
PLS_075.jpg,5
PLS_076.jpg,5
PLS_077.jpg,5
PLS_078.jpg,5
PLS_079.jpg,5
PLS_080.jpg,5
PLS_081.jpg,5
PLS_097.jpg,0
PLS_098.jpg,0
PLS_099.jpg,0
PLS_100.jpg,0
PLS_101.jpg,0
PLS_102.jpg,0
PLS_103.jpg,0
PLS_104.jpg,0
PLS_105.jpg,0
PLS_106.jpg,0
PLS_107.jpg,0
PLS_108.jpg,0
PLS_109.jpg,0
PLS_110.jpg,0
PLS_111.jpg,0
PLS_112.jpg,0
PLS_113.jpg,0
PLS_114.jpg,0
PLS_115.jpg,0
PLS_116.jpg,0
PLS_131.jpg,2
PLS_132.jpg,3
PLS_134.jpg,0
PLS_136.jpg,2
PLS_137.jpg,3
PLF_001.jpg,1
PLF_002.jpg,1
PLF_003.jpg,1
PLF_004.jpg,1
PLF_005.jpg,1
PLF_006.jpg,1
PLF_007.jpg,1
PLF_008.jpg,1
PLF_009.jpg,1
PLF_010.jpg,1
PLF_011.jpg,1
PLF_012.jpg,2
PLF_013.jpg,2
PLF_014.jpg,2
PLF_015.jpg,2
PLF_016.jpg,2
PLF_017.jpg,2
PLF_018.jpg,3
PLF_019.jpg,3
PLF_020.jpg,3
PLF_021.jpg,3
PLF_022.jpg,3
PLF_023.jpg,3
PLF_024.jpg,3
PLF_025.jpg,3
PLF_026.jpg,3
PLF_027.jpg,3
PLF_028.jpg,3
PLF_029.jpg,3
PLF_030.jpg,3
PLF_031.jpg,3
PLF_032.jpg,4
PLF_033.jpg,4
PLF_034.jpg,4
PLF_035.jpg,4
PLF_036.jpg,4
PLF_037.jpg,4
PLF_038.jpg,4
PLF_039.jpg,4
PLF_040.jpg,6
PLF_041.jpg,6
PLF_042.jpg,6
PLF_043.jpg,6
PLF_044.jpg,6
PLF_045.jpg,6
PLF_046.jpg,6
PLF_047.jpg,6
PLF_048.jpg,6
PLF_049.jpg,6
PLF_050.jpg,6
PLF_051.jpg,6
PLF_052.jpg,6
PLF_053.jpg,6
PLF_054.jpg,6
PLF_055.jpg,6
PLF_056.jpg,6
PLF_057.jpg,6
PLF_058.jpg,5
PLF_059.jpg,5
PLF_060.jpg,5
PLF_061.jpg,5
PLF_062.jpg,5
PLF_063.jpg,5
PLF_087.jpg,0
PLF_088.jpg,0
PLF_089.jpg,0
PLF_090.jpg,0
PLF_091.jpg,0
PLF_092.jpg,0
PLF_093.jpg,0
PLF_094.jpg,0
PLF_095.jpg,0
PLF_096.jpg,0
PLF_097.jpg,0
PLF_098.jpg,0
PLF_109.jpg,2
PLF_110.jpg,4
PLF_111.jpg,6
PLF_114.jpg,0
PLF_117.jpg,3
PLF_118.jpg,6
PLF_119.jpg,6
PLB_001.jpg,1
PLB_002.jpg,1
PLB_003.jpg,1
PLB_004.jpg,1
PLB_005.jpg,1
PLB_006.jpg,1
PLB_007.jpg,1
PLB_008.jpg,1
PLB_009.jpg,1
PLB_010.jpg,1
PLB_011.jpg,1
PLB_012.jpg,2
PLB_013.jpg,2
PLB_014.jpg,3
PLB_015.jpg,3
PLB_016.jpg,3
PLB_017.jpg,3
PLB_018.jpg,3
PLB_019.jpg,3
PLB_020.jpg,3
PLB_021.jpg,3
PLB_022.jpg,3
PLB_023.jpg,3
PLB_024.jpg,3
PLB_025.jpg,3
PLB_026.jpg,3
PLB_027.jpg,3
PLB_028.jpg,3
PLB_029.jpg,3
PLB_030.jpg,3
PLB_031.jpg,4
PLB_032.jpg,4
PLB_033.jpg,4
PLB_034.jpg,6
PLB_035.jpg,6
PLB_036.jpg,6
PLB_037.jpg,6
PLB_038.jpg,6
PLB_039.jpg,6
PLB_040.jpg,6
PLB_041.jpg,6
PLB_042.jpg,6
PLB_043.jpg,6
PLB_044.jpg,6
PLB_045.jpg,6
PLB_046.jpg,6
PLB_047.jpg,5
PLB_048.jpg,5
PLB_049.jpg,5
PLB_050.jpg,5
PLB_051.jpg,5
PLB_052.jpg,5
PLB_053.jpg,5
PLB_054.jpg,5
PLB_071.jpg,0
PLB_072.jpg,0
PLB_073.jpg,0
PLB_074.jpg,0
PLB_075.jpg,0
PLB_076.jpg,0
PLB_077.jpg,0
PLB_096.jpg,1
PLB_097.jpg,1
PLB_102.jpg,1
PLB_103.jpg,1
PLB_104.jpg,6
LTR_001.jpg,1
LTR_002.jpg,1
LTR_003.jpg,1
LTR_004.jpg,1
LTR_005.jpg,1
LTR_006.jpg,1
LTR_007.jpg,1
LTR_008.jpg,1
LTR_009.jpg,1
LTR_010.jpg,1
LTR_011.jpg,1
LTR_012.jpg,1
LTR_013.jpg,1
LTR_014.jpg,1
LTR_015.jpg,1
LTR_016.jpg,1
LTR_017.jpg,2
LTR_018.jpg,2
LTR_019.jpg,2
LTR_020.jpg,2
LTR_021.jpg,2
LTR_022.jpg,2
LTR_023.jpg,2
LTR_024.jpg,2
LTR_025.jpg,2
LTR_026.jpg,2
LTR_027.jpg,2
LTR_028.jpg,2
LTR_029.jpg,2
LTR_030.jpg,3
LTR_031.jpg,3
LTR_032.jpg,3
LTR_033.jpg,3
LTR_034.jpg,3
LTR_035.jpg,3
LTR_036.jpg,3
LTR_037.jpg,3
LTR_038.jpg,3
LTR_039.jpg,3
LTR_040.jpg,3
LTR_041.jpg,3
LTR_042.jpg,3
LTR_043.jpg,3
LTR_044.jpg,3
LTR_045.jpg,3
LTR_046.jpg,4
LTR_047.jpg,4
LTR_048.jpg,4
LTR_049.jpg,4
LTR_050.jpg,4
LTR_051.jpg,4
LTR_052.jpg,4
LTR_053.jpg,6
LTR_054.jpg,6
LTR_055.jpg,6
LTR_056.jpg,6
LTR_057.jpg,6
LTR_058.jpg,6
LTR_059.jpg,6
LTR_060.jpg,6
LTR_061.jpg,6
LTR_062.jpg,6
LTR_063.jpg,6
LTR_064.jpg,6
LTR_065.jpg,6
LTR_066.jpg,6
LTR_067.jpg,6
LTR_068.jpg,6
LTR_069.jpg,6
LTR_070.jpg,6
LTR_071.jpg,6
LTR_072.jpg,6
LTR_073.jpg,6
LTR_074.jpg,6
LTR_075.jpg,6
LTR_076.jpg,6
LTR_077.jpg,6
LTR_078.jpg,6
LTR_079.jpg,5
LTR_080.jpg,5
LTR_081.jpg,5
LTR_082.jpg,5
LTR_083.jpg,5
LTR_084.jpg,5
LTR_085.jpg,5
LTR_086.jpg,5
LTR_102.jpg,0
LTR_103.jpg,0
LTR_104.jpg,0
LTR_105.jpg,0
LTR_106.jpg,0
LTR_107.jpg,0
LTR_108.jpg,0
LTR_114.jpg,2
LTR_115.jpg,4
RC_001.jpg,1
RC_002.jpg,1
RC_003.jpg,1
RC_004.jpg,2
RC_005.jpg,2
RC_006.jpg,3
RC_007.jpg,4
RC_008.jpg,6
RC_009.jpg,6
RC_010.jpg,6
RC_011.jpg,6
RC_012.jpg,5
RC_014.jpg,0
RC_015.jpg,0
RC_016.jpg,0
RC_017.jpg,0
RC_018.jpg,0
RC_019.jpg,0
RC_021.jpg,1
RC_022.jpg,2
RC_023.jpg,4
RC_024.jpg,6
RC_025.jpg,6
XY_001.jpg,1
XY_002.jpg,1
XY_003.jpg,1
XY_004.jpg,1
XY_005.jpg,1
XY_006.jpg,1
XY_007.jpg,1
XY_008.jpg,1
XY_009.jpg,1
XY_010.jpg,1
XY_011.jpg,1
XY_012.jpg,1
XY_013.jpg,1
XY_014.jpg,1
XY_015.jpg,1
XY_016.jpg,1
XY_017.jpg,1
XY_017b.jpg,1
XY_018.jpg,1
XY_019.jpg,1
XY_020.jpg,2
XY_021.jpg,2
XY_022.jpg,2
XY_023.jpg,2
XY_024.jpg,2
XY_025.jpg,2
XY_026.jpg,2
XY_027.jpg,2
XY_028.jpg,2
XY_029.jpg,3
XY_030.jpg,3
XY_031.jpg,3
XY_032.jpg,3
XY_033.jpg,3
XY_034.jpg,3
XY_035.jpg,3
XY_036.jpg,3
XY_037.jpg,3
XY_038.jpg,3
XY_039.jpg,3
XY_040.jpg,3
XY_041.jpg,3
XY_042.jpg,4
XY_043.jpg,4
XY_044.jpg,4
XY_045.jpg,4
XY_046.jpg,4
XY_047.jpg,6
XY_048.jpg,6
XY_049.jpg,6
XY_050.jpg,6
XY_051.jpg,6
XY_052.jpg,6
XY_053.jpg,6
XY_054.jpg,6
XY_055.jpg,6
XY_056.jpg,6
XY_057.jpg,6
XY_058.jpg,5
XY_059.jpg,5
XY_060.jpg,5
XY_061.jpg,5
XY_062.jpg,5
XY_063.jpg,5
XY_064.jpg,5
XY_065.jpg,5
XY_066.jpg,5
XY_067.jpg,5
XY_098.jpg,0
XY_099.jpg,0
XY_100.jpg,0
XY_101.jpg,0
XY_102.jpg,0
XY_103.jpg,0
XY_104.jpg,0
XY_105.jpg,0
XY_106.jpg,0
XY_107.jpg,0
XY_108.jpg,0
XY_109.jpg,0
XY_110.jpg,0
XY_111.jpg,0
XY_112.jpg,0
XY_113.jpg,0
XY_114.jpg,0
XY_141.jpg,1
XY_142.jpg,3
XY_143.jpg,4
FLF_001.jpg,1
FLF_002.jpg,1
FLF_003.jpg,1
FLF_004.jpg,1
FLF_005.jpg,1
FLF_006.jpg,1
FLF_007.jpg,1
FLF_008.jpg,1
FLF_009.jpg,1
FLF_010.jpg,1
FLF_011.jpg,2
FLF_012.jpg,2
FLF_013.jpg,2
FLF_014.jpg,2
FLF_015.jpg,2
FLF_016.jpg,2
FLF_017.jpg,2
FLF_018.jpg,2
FLF_019.jpg,2
FLF_020.jpg,2
FLF_021.jpg,3
FLF_022.jpg,3
FLF_023.jpg,3
FLF_024.jpg,3
FLF_025.jpg,3
FLF_026.jpg,3
FLF_027.jpg,3
FLF_028.jpg,3
FLF_029.jpg,3
FLF_030.jpg,3
FLF_031.jpg,3
FLF_032.jpg,4
FLF_033.jpg,4
FLF_034.jpg,4
FLF_035.jpg,4
FLF_036.jpg,4
FLF_037.jpg,4
FLF_038.jpg,6
FLF_039.jpg,6
FLF_040.jpg,6
FLF_041.jpg,6
FLF_042.jpg,6
FLF_043.jpg,6
FLF_044.jpg,6
FLF_045.jpg,5
FLF_046.jpg,5
FLF_047.jpg,5
FLF_048.jpg,5
FLF_049.jpg,5
FLF_075.jpg,0
FLF_076.jpg,0
FLF_077.jpg,0
FLF_078.jpg,0
FLF_079.jpg,0
FLF_080.jpg,0
FLF_081.jpg,0
FLF_082.jpg,0
FLF_083.jpg,0
FLF_084.jpg,0
FLF_085.jpg,0
FLF_086.jpg,0
FLF_087.jpg,0
FLF_100.jpg,2
FLF_101.jpg,4
FLF_102.jpg,6
FLF_103.jpg,0
FLF_107.jpg,2
FLF_109.jpg,0
FFI_001.jpg,1
FFI_002.jpg,1
FFI_003.jpg,1
FFI_004.jpg,1
FFI_005.jpg,1
FFI_006.jpg,1
FFI_007.jpg,1
FFI_008.jpg,1
FFI_009.jpg,1
FFI_010.jpg,2
FFI_011.jpg,2
FFI_012.jpg,2
FFI_013.jpg,2
FFI_014.jpg,2
FFI_015.jpg,3
FFI_016.jpg,3
FFI_017.jpg,3
FFI_018.jpg,3
FFI_019.jpg,3
FFI_020.jpg,3
FFI_021.jpg,3
FFI_022.jpg,3
FFI_023.jpg,3
FFI_024.jpg,3
FFI_025.jpg,3
FFI_026.jpg,3
FFI_027.jpg,4
FFI_028.jpg,4
FFI_029.jpg,4
FFI_030.jpg,4
FFI_031.jpg,4
FFI_032.jpg,4
FFI_033.jpg,4
FFI_034.jpg,4
FFI_035.jpg,6
FFI_036.jpg,6
FFI_037.jpg,6
FFI_038.jpg,6
FFI_039.jpg,6
FFI_040.jpg,6
FFI_041.jpg,6
FFI_042.jpg,6
FFI_043.jpg,6
FFI_044.jpg,5
FFI_045.jpg,5
FFI_046.jpg,5
FFI_047.jpg,5
FFI_048.jpg,5
FFI_049.jpg,5
FFI_050.jpg,5
FFI_051.jpg,5
FFI_052.jpg,5
FFI_053.jpg,5
FFI_054.jpg,5
FFI_055.jpg,5
FFI_056.jpg,5
FFI_057.jpg,5
FFI_058.jpg,5
FFI_059.jpg,5
FFI_060.jpg,5
FFI_061.jpg,5
FFI_062.jpg,5
FFI_063.jpg,5
FFI_064.jpg,5
FFI_078.jpg,0
FFI_079.jpg,0
FFI_080.jpg,0
FFI_081.jpg,0
FFI_082.jpg,0
FFI_083.jpg,0
FFI_084.jpg,0
FFI_085.jpg,0
FFI_086.jpg,0
FFI_087.jpg,0
FFI_105.jpg,1
FFI_106.jpg,3
FFI_107.jpg,5
FFI_112.jpg,1
FFI_113.jpg,5
PHF_001.jpg,1
PHF_002.jpg,1
PHF_003.jpg,1
PHF_004.jpg,1
PHF_005.jpg,1
PHF_006.jpg,1
PHF_007.jpg,1
PHF_008.jpg,1
PHF_009.jpg,2
PHF_010.jpg,2
PHF_011.jpg,2
PHF_012.jpg,2
PHF_013.jpg,3
PHF_014.jpg,3
PHF_015.jpg,3
PHF_016.jpg,3
PHF_017.jpg,3
PHF_018.jpg,3
PHF_019.jpg,3
PHF_020.jpg,3
PHF_021.jpg,3
PHF_022.jpg,3
PHF_023.jpg,4
PHF_024.jpg,4
PHF_025.jpg,4
PHF_026.jpg,4
PHF_027.jpg,4
PHF_028.jpg,4
PHF_029.jpg,4
PHF_030.jpg,4
PHF_031.jpg,6
PHF_032.jpg,6
PHF_033.jpg,6
PHF_034.jpg,6
PHF_035.jpg,6
PHF_036.jpg,6
PHF_037.jpg,6
PHF_038.jpg,6
PHF_039.jpg,6
PHF_040.jpg,6
PHF_041.jpg,6
PHF_042.jpg,6
PHF_043.jpg,6
PHF_044.jpg,6
PHF_045.jpg,6
PHF_046.jpg,5
PHF_047.jpg,5
PHF_048.jpg,5
PHF_049.jpg,5
PHF_050.jpg,5
PHF_078.jpg,0
PHF_079.jpg,0
PHF_080.jpg,0
PHF_081.jpg,0
PHF_082.jpg,0
PHF_083.jpg,0
PHF_084.jpg,0
PHF_085.jpg,0
PHF_086.jpg,0
PHF_087.jpg,0
PHF_088.jpg,0
PHF_089.jpg,0
PHF_090.jpg,0
PHF_102.jpg,0
PHF_113.jpg,4
PHF_114.jpg,6
PHF_120.jpg,4
PHF_121.jpg,6
